transaction_id,customer_id,transaction_datetime,amount,merchant_category,transaction_type,channel,card_present,is_international,device_trust_score,ip_risk_score,account_age_days,txn_count_24h,avg_amount_30d,time_since_last_txn_sec,same_device_as_last,device_id,is_fraud
T0000522,100170,2024-05-01 15:53:07,66.76,restaurants,online,in_person,0,0,0.574,21,2636,0,26.81,459,1,D44049787,1
T0000738,100268,2024-06-02 08:44:41,306.83,entertainment,online,web,1,0,0.711,10,137,0,188.18,274,1,D31170251,1
T0000741,100126,2025-09-24 12:48:25,365.61,electronics,transfer,web,1,0,0.568,21,765,1,153.89,2858,1,D15532807,1
T0000661,100941,2024-01-17 18:23:40,32.37,entertainment,pos,in_person,1,0,0.518,33,257,3,164.45,453,1,D29633303,1
T0000412,100894,2025-08-10 22:04:26,18.17,travel,transfer,in_person,0,0,0.709,2,233,2,44.53,1828,0,D46389093,0
T0000679,100309,2025-10-23 12:49:02,210.38,utilities,online,mobile,0,0,0.766,10,2245,2,104.49,1129,1,D59420965,1
T0000627,100498,2024-03-31 23:37:07,102.47,grocery,online,in_person,1,0,0.881,49,1330,3,222.68,312,1,D27794186,1
T0000514,100687,2025-11-23 12:30:16,137.35,healthcare,online,mobile,1,0,0.286,89,577,4,1.0,8713,0,D22280355,0
T0000860,100991,2024-02-24 02:27:39,270.4,travel,transfer,in_person,1,1,0.893,46,999,3,65.61,666,1,D46499359,1
T0000137,100424,2025-06-02 04:06:56,196.79,restaurants,pos,mobile,0,0,0.704,26,987,2,98.05,12253,1,D80186098,0
T0000812,100599,2025-12-17 05:55:33,88.23,healthcare,atm,web,1,0,0.749,3,2192,1,183.7,2589,0,D66073932,0
T0000077,100565,2025-03-08 04:47:27,101.04,online_services,pos,ivr,1,0,0.391,27,553,1,1.0,7087,1,D22432089,0
T0000637,100265,2024-07-26 18:59:42,125.09,gas,pos,web,1,0,0.658,24,307,1,1.0,9224,1,D94152427,0
T0000974,100881,2024-05-25 11:21:30,258.56,electronics,online,in_person,1,0,0.321,37,228,1,57.96,6414,1,D42590509,0
T0000939,100843,2024-01-26 00:59:37,345.94,online_services,pos,web,1,1,0.348,23,491,1,118.69,674,0,D41276693,1
T0000900,100035,2024-10-14 04:43:09,37.26,travel,transfer,in_person,0,0,0.573,12,2422,4,1.0,8210,1,D88194846,0
T0000281,100156,2024-09-02 01:17:53,228.64,entertainment,online,in_person,1,0,0.248,100,910,1,260.96,4940,1,D42563510,1
T0000884,100137,2025-04-17 09:50:55,51.69,grocery,pos,web,1,0,0.695,20,1022,3,98.55,5213,1,D63927652,0
T0000762,100797,2025-12-30 11:29:20,262.92,restaurants,online,in_person,1,0,0.687,40,651,1,121.25,10149,1,D22872569,0
T0000320,100398,2025-08-25 12:44:42,51.39,restaurants,pos,in_person,0,0,0.572,59,517,4,358.17,11868,1,D28920570,0
T0000550,100200,2025-06-24 23:49:19,269.45,online_services,pos,in_person,1,0,0.886,15,175,1,1.0,10553,0,D42312479,0
T0000175,100905,2025-12-03 19:30:28,46.99,restaurants,pos,mobile,1,0,0.272,59,404,0,171.43,8442,1,D40754699,1
T0000372,100003,2025-11-13 23:09:31,490.81,grocery,pos,in_person,0,0,0.587,40,1028,2,254.19,1012,1,D39720910,1
T0000528,100946,2025-11-19 08:19:19,167.06,restaurants,online,ivr,0,0,0.878,17,2383,2,94.81,2459,1,D54294673,1
T0000211,100889,2024-03-29 23:08:58,338.43,electronics,pos,ivr,1,0,0.617,43,1963,1,1.0,1141,0,D13142649,0
T0000236,100170,2024-10-09 03:00:31,82.37,utilities,pos,mobile,0,0,0.92,42,571,3,222.67,6731,1,D69828573,0
T0000102,100094,2024-01-13 07:08:39,477.85,gas,transfer,in_person,1,0,0.832,3,589,2,170.73,2024,1,D26685162,1
T0000987,100134,2025-10-20 14:58:38,41.94,gas,online,in_person,1,0,0.345,67,3650,1,132.91,6586,0,D83073291,0
T0000903,100063,2025-01-20 14:46:18,129.97,grocery,pos,ivr,1,0,0.687,34,1349,3,96.76,7296,0,D19793545,0
T0000948,100890,2024-08-03 23:48:51,10.62,restaurants,pos,mobile,0,0,0.636,60,357,3,1.0,6058,1,D20019914,0
T0000347,100926,2024-04-11 05:09:53,87.18,utilities,pos,web,1,0,0.85,32,493,4,35.23,5951,1,D28063464,0
T0000140,100435,2024-03-13 23:36:44,2043.62,gas,transfer,mobile,1,0,0.709,53,448,1,50.96,10445,0,D67536758,1
T0000622,100346,2025-04-20 07:16:20,152.76,travel,pos,in_person,1,0,0.319,29,68,1,1.0,3209,1,D15340966,0
T0000500,100822,2024-05-10 22:06:05,38.65,grocery,online,in_person,1,1,0.729,0,1031,4,337.94,1886,1,D34980866,1
T0000371,100418,2025-08-05 09:30:25,149.95,restaurants,pos,in_person,1,0,0.809,35,364,1,475.68,3040,1,D96111411,0
T0000199,100061,2024-09-26 04:18:33,147.73,restaurants,atm,in_person,1,1,0.275,31,1579,3,62.63,3943,1,D59731798,0
T0000688,100707,2024-06-01 04:58:16,571.66,restaurants,atm,web,0,0,0.838,12,760,1,1.0,2835,1,D53031987,0
T0000585,100954,2024-07-17 12:39:07,282.3,grocery,pos,in_person,1,1,0.923,29,195,3,311.43,3974,1,D27476870,1
T0000902,100349,2024-02-29 01:58:46,162.76,healthcare,pos,mobile,1,0,0.457,9,391,1,106.59,5112,1,D13640786,0
T0000060,100268,2025-08-14 10:39:44,354.76,restaurants,pos,mobile,1,1,0.549,54,138,1,268.44,1468,1,D21411183,1
T0000329,100787,2024-01-31 15:18:39,51.69,online_services,online,web,1,0,0.647,7,527,1,246.08,444,1,D96787787,1
T0000097,100829,2025-03-22 14:49:28,45.13,utilities,pos,in_person,1,0,0.876,19,377,2,301.03,971,1,D39131325,0
T0000313,100683,2025-02-01 17:00:50,713.04,grocery,online,in_person,1,0,0.642,17,102,0,1.0,26,1,D78353185,1
T0000975,100716,2025-04-07 11:44:19,60.36,gas,pos,mobile,1,0,0.659,0,725,2,181.99,10736,0,D30991691,0
T0000300,100109,2024-02-02 20:49:31,199.38,online_services,transfer,mobile,0,0,0.475,16,1309,0,79.83,581,0,D30153357,1
T0000278,100165,2024-01-10 08:04:04,54.53,electronics,online,in_person,1,0,0.61,26,1170,5,132.21,3660,1,D56115090,1
T0000925,100260,2025-06-23 10:06:51,127.8,grocery,online,web,1,1,0.497,15,2653,1,1.0,1741,1,D76375571,0
T0000602,100479,2024-07-24 19:00:22,88.25,restaurants,pos,ivr,1,0,0.817,13,3088,1,90.88,5913,1,D95343743,0
T0000440,100808,2024-12-15 16:52:52,218.13,grocery,online,mobile,1,0,0.615,41,138,0,189.94,110,0,D44259341,1
T0000838,100821,2025-11-23 04:57:29,536.32,restaurants,transfer,web,0,0,0.284,35,39,3,1.0,1025,1,D60148220,1
T0000571,100985,2024-12-12 14:44:01,40.31,online_services,pos,mobile,1,0,0.203,62,1257,1,22.56,294,0,D92706503,1
T0000880,100100,2024-08-16 04:57:49,144.72,restaurants,online,in_person,1,0,0.497,20,50,0,342.44,11366,0,D47307349,0
T0000262,100794,2025-12-23 10:01:41,116.78,travel,pos,in_person,1,0,0.767,81,334,2,177.28,125,1,D14541485,1
T0000579,100475,2024-03-15 13:03:33,118.24,grocery,transfer,mobile,1,0,0.868,11,911,0,185.76,4089,1,D91325928,0
T0000024,100628,2025-05-11 07:31:39,129.14,gas,transfer,web,1,0,0.362,17,356,0,1.0,1660,1,D91731052,0
T0000031,100106,2024-09-05 23:32:03,1019.92,entertainment,pos,web,0,1,0.535,40,1867,3,1.0,3436,0,D49533860,1
T0000618,100948,2025-10-10 09:24:18,184.47,gas,online,in_person,1,0,0.432,7,164,1,92.64,4947,0,D90693042,0
T0000011,100154,2025-03-28 23:26:24,327.49,online_services,pos,web,1,0,0.932,33,485,1,56.41,257,0,D97321652,1
T0000222,100186,2024-02-16 08:32:01,184.61,gas,online,web,0,1,0.276,5,1703,0,280.08,2239,1,D82599320,1
T0000821,100255,2024-11-25 09:25:10,96.24,electronics,online,in_person,0,1,0.365,41,1887,4,309.07,2738,1,D55795276,1
T0000297,100680,2025-08-18 08:42:34,193.72,electronics,atm,in_person,1,0,0.406,33,1246,5,145.7,1757,1,D83817937,1
T0000055,100872,2024-06-23 05:04:47,97.19,online_services,pos,web,1,0,0.889,57,1637,1,83.83,14931,1,D92367473,0
T0000543,100166,2025-09-28 17:29:41,185.47,travel,pos,web,0,0,0.393,36,12,1,84.16,514,1,D53327867,1
T0000210,100153,2025-07-27 16:38:00,109.87,entertainment,pos,in_person,1,0,0.286,66,3278,2,1.0,1956,1,D16363460,0
T0000605,100372,2024-11-06 10:39:39,83.68,grocery,online,in_person,0,0,0.601,0,85,2,134.31,392,1,D86456140,1
T0000693,100882,2024-10-13 05:10:24,349.62,healthcare,online,in_person,0,0,0.387,41,2585,3,1.0,430,1,D32790131,1
T0000663,100426,2024-08-31 08:45:30,65.88,restaurants,transfer,in_person,0,0,0.236,32,775,0,50.97,588,0,D97320084,1
T0000867,100950,2025-10-22 00:42:49,44.35,restaurants,transfer,web,1,1,0.808,22,1111,2,219.19,1306,1,D99918466,1
T0000071,100668,2025-01-26 21:21:12,47.08,restaurants,online,mobile,0,0,0.707,50,10,2,246.76,1020,1,D52203718,1
T0000544,100330,2024-04-21 18:27:04,126.3,restaurants,pos,web,0,0,0.759,20,2692,3,95.04,116,1,D84360684,1
T0000108,100098,2025-10-26 13:33:18,109.38,grocery,atm,web,0,0,0.947,36,122,3,47.92,5514,1,D60177527,1
T0000494,100554,2025-05-13 06:02:08,223.31,travel,pos,mobile,1,0,0.828,53,410,3,91.35,13749,0,D86858162,0
T0000591,100125,2024-01-09 01:14:20,49.4,healthcare,pos,in_person,0,0,0.62,74,422,2,1.0,2121,0,D19414780,0
T0000742,100568,2025-05-18 21:25:14,432.23,entertainment,online,web,0,0,0.728,21,154,5,59.22,3917,0,D70877290,1
T0000293,100035,2024-04-03 23:52:49,557.99,restaurants,pos,mobile,1,0,0.837,62,3424,3,104.68,223,0,D78037366,1
T0000290,100091,2025-10-10 15:33:15,135.21,grocery,pos,in_person,1,0,0.653,50,214,1,244.6,7408,1,D68405220,1
T0000653,100592,2025-10-22 13:22:17,665.87,travel,online,mobile,1,0,0.914,51,1563,4,1.0,7347,1,D40567108,0
T0000040,100194,2025-05-21 09:35:59,266.54,grocery,pos,in_person,0,0,0.852,29,485,1,96.3,4145,0,D76504243,0
T0000590,100941,2025-04-15 21:28:21,632.71,restaurants,online,mobile,1,0,0.701,41,2695,1,37.26,354,0,D16707736,1
T0000308,100122,2025-06-08 06:19:43,478.21,gas,pos,mobile,1,0,0.318,67,2145,1,182.42,5485,0,D16762647,1
T0000680,100118,2025-06-12 04:58:25,127.71,entertainment,pos,web,1,0,0.839,34,1458,2,74.35,1705,1,D77787721,0
T0000067,100296,2024-09-26 16:18:33,108.43,entertainment,pos,in_person,1,0,0.347,16,1224,1,312.72,1347,1,D93049898,1
T0000276,100212,2024-12-24 00:38:26,210.03,gas,transfer,in_person,1,1,0.9,45,2315,2,171.79,2596,1,D51677280,1
T0000068,100459,2025-04-19 06:23:35,97.89,gas,atm,in_person,0,0,0.92,60,1394,0,1.0,5862,1,D11826978,0
T0000319,100520,2025-05-02 10:42:50,361.63,utilities,pos,mobile,1,0,0.447,41,3650,0,300.39,6261,0,D96391124,1
T0000549,100451,2024-11-12 11:16:00,280.39,utilities,pos,mobile,1,0,0.742,73,606,4,119.04,1963,0,D39350205,1
T0000999,100780,2025-12-19 03:05:34,166.95,grocery,atm,in_person,1,0,0.61,43,1905,0,1.0,2005,1,D87557010,0
T0000715,100846,2025-07-01 16:19:42,122.78,entertainment,atm,mobile,1,0,0.35,15,1836,2,116.78,9711,0,D35087428,0
T0000754,100127,2025-04-15 13:02:50,938.12,electronics,pos,web,0,1,0.462,42,1328,2,138.58,2192,1,D82429230,1
T0000328,100597,2025-04-23 07:24:44,139.73,travel,pos,in_person,1,0,0.639,30,401,0,16.32,3344,1,D74013952,0
T0000383,100059,2025-07-12 04:55:09,35.09,electronics,online,in_person,1,0,0.79,14,415,1,124.59,11492,1,D66762971,0
T0000452,100941,2024-03-13 22:39:06,203.14,travel,pos,in_person,0,0,0.707,14,370,0,59.59,8382,0,D24862849,0
T0000523,100139,2024-05-30 09:49:58,493.84,entertainment,atm,in_person,1,0,0.894,56,1921,3,217.25,9535,1,D95431488,0
T0000219,100493,2025-02-11 06:20:09,129.15,entertainment,pos,web,1,0,0.567,5,1624,3,238.33,9055,0,D56567250,1
T0000788,100368,2025-12-02 16:44:36,123.64,healthcare,atm,web,1,0,0.604,27,1154,2,34.8,5904,0,D96672532,0
T0000437,100249,2024-04-28 22:49:59,91.79,online_services,online,mobile,1,0,0.535,24,2757,2,140.42,8735,1,D46569957,0
T0000765,100449,2024-02-18 10:51:21,201.69,restaurants,pos,in_person,1,0,0.405,44,74,3,175.56,7820,0,D24801978,1
T0000089,100288,2025-10-09 04:33:14,228.76,entertainment,pos,in_person,1,0,0.541,8,155,5,87.54,1496,1,D14869025,0
T0000064,100562,2025-06-29 04:39:43,251.54,utilities,atm,web,0,0,0.393,28,2586,1,243.47,4294,1,D21026076,1
T0000827,100613,2025-05-26 12:38:00,152.6,utilities,pos,web,0,0,0.221,2,3650,6,148.74,4141,1,D24288950,1
T0000717,100947,2025-10-04 12:23:07,36.34,electronics,pos,in_person,1,0,0.584,21,1883,3,110.89,13014,0,D24961330,0
T0000352,100326,2025-01-12 09:11:22,317.96,electronics,pos,in_person,0,1,0.612,63,1579,2,167.57,3961,1,D54718733,1
T0000937,100260,2025-08-04 11:57:33,52.68,travel,pos,mobile,0,0,0.309,46,440,1,168.47,11411,1,D53392848,1
T0000257,100872,2024-07-14 08:21:12,219.49,restaurants,online,mobile,1,0,0.74,0,1059,2,100.41,17933,1,D95863505,0
T0000636,100819,2024-09-11 06:34:57,114.71,travel,atm,mobile,1,0,0.47,0,327,0,69.89,5107,1,D44038684,0
T0000645,100204,2024-02-22 19:59:58,109.55,grocery,transfer,web,1,0,0.24,46,98,3,190.3,1165,1,D88966533,1
T0000555,100468,2025-04-26 23:11:52,137.22,online_services,pos,mobile,1,0,0.419,24,869,2,12.31,125,0,D11921279,1
T0000960,100450,2025-10-07 01:12:45,214.27,utilities,atm,in_person,1,0,0.378,36,131,3,128.12,16324,1,D60325623,0
T0000169,100735,2024-07-03 21:28:10,128.9,restaurants,pos,in_person,0,0,0.687,47,92,0,497.95,3666,1,D62789642,0
T0000918,100424,2024-07-04 17:57:54,239.0,restaurants,pos,in_person,0,0,0.908,30,1410,1,183.78,8416,1,D64649747,0
T0000529,100677,2025-05-10 11:34:56,187.24,electronics,transfer,in_person,0,0,0.338,41,194,1,1.0,4291,1,D53139724,0
T0000824,100055,2025-07-13 21:46:19,22.09,grocery,atm,mobile,1,0,0.73,43,307,1,185.25,1082,0,D60266787,0
T0000986,100386,2025-11-19 23:04:39,262.11,restaurants,atm,web,1,0,0.366,42,1098,2,190.09,2461,1,D36053685,1
T0000817,100407,2025-11-11 18:35:49,103.36,online_services,online,ivr,0,0,0.408,13,405,1,163.79,3400,1,D42199480,1
T0000087,100241,2025-05-07 03:17:55,97.27,grocery,online,in_person,1,0,0.449,31,626,2,230.46,4345,0,D34797508,1
T0000433,100065,2025-09-24 16:09:14,131.9,gas,pos,in_person,1,0,0.426,54,571,4,31.7,2186,1,D47705772,0
T0000185,100090,2024-02-01 02:55:34,218.3,travel,online,mobile,1,0,0.448,57,3650,3,235.6,8949,0,D71293618,1
T0000979,100226,2024-02-23 12:22:30,41.46,electronics,transfer,mobile,1,0,0.232,27,452,4,170.2,3968,0,D19085328,0
T0000535,100490,2024-07-27 10:18:57,36.26,restaurants,pos,web,1,1,0.43,40,593,3,1.0,485,1,D22407082,0
T0000295,100055,2025-10-21 06:51:28,119.92,travel,pos,mobile,1,0,0.367,39,1959,0,64.16,825,1,D82291256,1
T0000893,100306,2025-10-24 10:08:08,102.77,healthcare,pos,web,0,0,0.821,0,59,1,250.1,12107,1,D39818931,1
T0000426,100290,2025-12-21 16:41:48,107.53,travel,transfer,in_person,0,0,0.538,31,3650,0,50.8,5972,1,D33699073,1
T0000714,100996,2024-03-02 00:57:31,146.81,travel,online,in_person,1,0,0.432,33,2059,1,172.19,853,0,D89126423,1
T0000261,100160,2024-06-20 01:22:40,119.78,electronics,online,mobile,1,0,0.925,46,824,2,1.0,5988,1,D22338230,0
T0000238,100018,2024-07-30 20:08:53,128.2,travel,online,in_person,1,0,0.681,17,953,4,1.0,6397,1,D25733416,0
T0000560,100880,2025-08-23 12:03:56,66.69,electronics,pos,in_person,0,0,0.233,58,243,4,229.21,4734,1,D48147547,1
T0000584,100953,2025-06-19 03:13:22,56.55,entertainment,online,mobile,0,0,0.44,8,1470,3,133.98,9571,0,D67686116,0
T0000446,100298,2025-10-30 05:28:43,39.28,utilities,online,web,1,0,0.532,48,350,2,358.71,24113,0,D97504228,0
T0000868,100076,2024-06-01 01:31:55,102.9,electronics,atm,in_person,0,0,0.729,33,981,3,1.0,4975,1,D24965908,0
T0000801,100967,2024-06-24 11:54:25,69.37,gas,pos,in_person,1,0,0.53,32,710,2,270.66,1719,1,D97248499,0
T0000600,100516,2024-01-09 11:39:49,30.04,utilities,transfer,in_person,0,0,0.642,40,1264,0,403.14,11159,1,D58774702,0
T0000850,100951,2024-11-09 07:11:22,354.99,entertainment,pos,mobile,1,0,0.931,0,792,2,1.0,3758,1,D42230029,0
T0000266,100976,2024-10-15 08:17:07,369.24,entertainment,atm,in_person,1,1,0.907,54,2133,1,239.15,7461,0,D82703100,1
T0000996,100847,2025-06-09 00:06:31,203.86,electronics,online,in_person,1,0,0.583,0,686,2,210.81,2140,0,D83208321,1
T0000530,100717,2025-04-07 15:06:09,606.83,grocery,online,mobile,0,0,0.93,18,1241,2,287.01,1689,1,D38613316,1
T0000056,100055,2024-05-03 05:45:33,83.51,travel,online,web,1,0,0.856,29,784,0,297.51,3408,1,D91781137,0
T0000121,100393,2024-02-22 09:25:51,59.08,electronics,pos,web,1,0,0.449,20,2171,4,131.13,1606,1,D48439010,1
T0000216,100160,2024-12-08 08:08:47,365.94,electronics,pos,ivr,1,0,0.929,64,60,2,59.6,57,0,D65774605,1
T0000026,100147,2025-07-18 10:14:01,108.1,restaurants,atm,mobile,0,1,0.648,12,770,4,298.75,6043,0,D96381973,1
T0000073,100926,2024-01-11 11:24:03,64.88,online_services,online,in_person,1,1,0.685,38,378,4,224.96,676,0,D14240415,1
T0000045,100331,2025-10-20 21:39:21,164.85,grocery,transfer,web,1,0,0.4,10,108,2,154.33,1386,1,D94018048,1
T0000248,100318,2025-11-30 19:39:54,775.28,grocery,pos,mobile,1,0,0.407,81,309,4,58.73,4444,0,D16827193,1
T0000722,100688,2024-06-27 19:41:09,409.61,grocery,pos,in_person,1,0,0.396,19,55,1,115.34,3223,1,D59527351,1
T0000282,100155,2024-08-30 10:38:42,30.87,healthcare,pos,in_person,1,0,0.753,8,1553,2,39.26,11220,1,D55056991,0
T0000894,100482,2024-01-24 16:15:23,153.66,healthcare,online,in_person,1,0,0.304,18,348,1,67.82,3141,1,D76972711,0
T0000915,100585,2024-12-11 18:06:30,360.92,healthcare,pos,ivr,0,0,0.421,2,1805,1,1.0,1811,0,D40866929,0
T0000811,100427,2025-04-20 19:56:45,123.73,restaurants,pos,in_person,1,0,0.581,46,299,3,250.56,24185,1,D33183189,0
T0000245,100146,2024-04-11 19:13:48,1008.6,gas,transfer,in_person,1,0,0.279,43,3085,1,171.73,3518,1,D28844175,1
T0000823,100201,2025-01-12 11:24:24,52.15,restaurants,atm,ivr,1,0,0.528,61,352,3,274.78,1397,1,D97948783,0
T0000322,100835,2024-01-16 23:14:55,125.01,electronics,pos,in_person,1,0,0.62,54,1297,3,148.24,5366,0,D86185326,0
T0000644,100127,2024-02-08 14:36:12,173.25,online_services,pos,mobile,0,0,0.409,45,3348,1,170.95,152,0,D56129439,1
T0000159,100690,2025-07-12 09:44:55,94.69,restaurants,pos,in_person,0,0,0.725,47,695,1,270.73,18536,1,D56516737,0
T0000978,100921,2025-06-02 17:04:13,102.4,entertainment,online,in_person,1,0,0.897,56,1060,3,1.0,9744,0,D70288708,0
T0000430,100477,2025-10-05 13:05:20,211.36,restaurants,pos,mobile,1,0,0.763,22,1212,5,74.61,3285,1,D66188363,0
T0000942,100203,2025-12-28 15:23:20,329.56,entertainment,online,in_person,1,0,0.241,28,170,3,71.59,6191,1,D72877413,0
T0000463,100229,2025-11-27 21:29:29,35.49,utilities,pos,ivr,1,0,0.769,33,2028,1,138.07,1168,1,D92368828,0
T0000310,100200,2025-02-16 19:32:43,705.62,electronics,pos,in_person,0,0,0.577,25,591,0,90.46,15606,1,D67862066,0
T0000698,100672,2025-02-26 00:02:25,62.35,electronics,atm,in_person,0,0,0.63,21,392,4,190.65,4772,1,D99111382,1
T0000061,100501,2024-12-21 02:36:11,32.64,restaurants,transfer,ivr,1,0,0.236,41,1407,1,1.0,3180,1,D71443165,0
T0000885,100667,2024-01-19 17:54:24,55.48,restaurants,online,in_person,0,0,0.523,25,303,1,241.24,43,1,D39652118,1
T0000596,100906,2024-06-19 12:56:00,101.37,electronics,online,web,1,0,0.28,41,3507,0,46.08,424,0,D37092428,1
T0000768,100953,2025-10-31 20:59:13,89.97,grocery,transfer,in_person,1,0,0.434,47,522,1,1.0,107,0,D68078772,1
T0000650,100401,2025-05-22 16:46:50,104.44,entertainment,pos,in_person,1,0,0.338,69,432,2,141.83,3890,1,D53093360,0
T0000651,100654,2024-03-03 07:08:31,782.93,grocery,pos,in_person,1,0,0.271,40,3650,2,1.0,8174,1,D11753741,0
T0000866,100461,2024-02-15 22:16:58,313.54,healthcare,atm,web,1,0,0.308,21,87,0,1.0,2261,0,D15678820,0
T0000669,100289,2025-12-24 23:24:37,92.72,restaurants,transfer,in_person,1,0,0.713,37,1650,1,1.0,516,0,D98549289,1
T0000299,100521,2024-12-30 19:13:23,30.54,electronics,pos,in_person,0,0,0.382,35,2509,0,250.99,3641,1,D31833410,0
T0000690,100059,2025-12-07 10:04:45,101.26,entertainment,atm,mobile,1,0,0.815,0,811,1,189.91,840,1,D22456957,1
T0000315,100236,2025-10-18 10:04:33,312.68,restaurants,online,mobile,1,0,0.495,0,1506,2,121.1,5149,1,D56788754,0
T0000311,100589,2024-07-06 03:29:46,428.23,restaurants,atm,in_person,1,0,0.704,45,1327,0,216.4,5995,1,D88758538,0
T0000362,100101,2025-10-02 23:47:01,209.57,utilities,pos,mobile,1,0,0.256,21,112,2,38.15,232,0,D33283734,1
T0000480,100223,2025-11-11 00:54:29,1537.49,gas,atm,mobile,0,0,0.889,51,1384,5,162.61,13577,1,D13580091,1
T0000111,100839,2025-08-09 04:11:57,219.42,grocery,online,in_person,1,1,0.68,43,2208,1,1.0,5670,1,D62097772,0
T0000990,100410,2024-09-24 00:19:32,96.11,grocery,online,in_person,1,0,0.797,14,187,5,165.21,11558,1,D96793482,0
T0000487,100655,2025-12-29 22:45:45,73.59,restaurants,pos,web,1,0,0.851,30,1301,3,1.0,2135,1,D16481868,0
T0000364,100577,2025-06-08 12:21:06,57.24,grocery,pos,ivr,1,0,0.719,35,194,3,1.0,4462,1,D64632684,0
T0000255,100978,2024-11-29 17:51:40,119.02,utilities,online,in_person,1,0,0.525,41,3650,1,190.07,77,1,D25837543,1
T0000260,100183,2024-02-22 04:36:26,43.06,gas,pos,in_person,1,0,0.565,0,404,0,8.98,1594,1,D71528430,0
T0000803,100918,2024-04-13 09:41:50,202.38,utilities,pos,in_person,1,0,0.23,30,125,0,110.03,33,1,D85831341,1
T0000678,100825,2024-04-22 09:40:17,216.63,online_services,pos,in_person,0,0,0.944,47,2403,2,44.96,4733,1,D55087873,0
T0000495,100349,2024-04-22 17:43:12,112.41,gas,atm,mobile,1,0,0.563,25,133,1,139.9,10177,1,D59133676,0
T0000671,100033,2024-06-24 11:48:56,300.77,utilities,atm,web,0,0,0.315,25,2583,1,68.96,8411,1,D55251666,0
T0000378,100015,2025-06-20 02:02:04,24.45,online_services,pos,ivr,0,0,0.583,100,1084,1,113.04,12546,0,D55076814,0
T0000527,100052,2025-09-25 18:08:28,549.79,travel,pos,in_person,1,0,0.578,88,2742,1,1.0,6476,0,D68897992,0
T0000846,100002,2024-01-21 22:02:47,206.22,restaurants,online,in_person,1,0,0.738,35,984,2,60.92,1353,0,D14656782,1
T0000138,100451,2024-08-08 10:48:19,315.55,travel,transfer,in_person,1,0,0.733,23,65,1,75.49,8714,0,D49370933,0
T0000356,100925,2024-09-25 09:08:40,183.02,electronics,online,in_person,0,0,0.304,20,1336,3,171.63,523,1,D67211565,1
T0000366,100265,2024-03-21 15:57:34,563.02,electronics,atm,mobile,1,0,0.252,81,335,0,117.45,2014,1,D93851452,1
T0000943,100163,2025-09-10 19:47:12,230.83,utilities,pos,in_person,0,0,0.305,44,895,2,1.0,5313,1,D69829804,0
T0000750,100623,2025-06-23 21:26:50,66.43,restaurants,pos,in_person,1,0,0.594,41,51,1,252.27,330,1,D74857014,1
T0000949,100204,2025-05-03 06:43:01,209.47,gas,pos,ivr,1,0,0.376,47,1320,2,106.24,3347,1,D39277844,1
T0000830,100902,2024-05-19 19:54:33,13.39,online_services,pos,in_person,1,0,0.912,0,42,2,42.83,5138,1,D85272027,0
T0000657,100394,2024-03-10 12:26:00,67.89,grocery,online,in_person,0,0,0.65,60,3650,2,297.06,624,0,D17908323,1
T0000200,100808,2025-01-23 12:49:39,128.11,grocery,atm,in_person,1,0,0.323,100,3650,2,65.82,1005,0,D45007020,1
T0000214,100240,2025-01-28 07:35:08,95.99,grocery,pos,in_person,0,0,0.86,22,388,2,238.38,4677,0,D22692765,1
T0000409,100715,2025-11-18 22:58:36,24.69,restaurants,pos,mobile,1,0,0.473,30,459,2,6.18,1524,1,D69257570,0
T0000333,100408,2025-10-06 09:51:38,79.12,gas,transfer,in_person,1,0,0.686,43,1051,1,47.28,2415,0,D99760493,0
T0000209,100807,2024-05-22 14:53:57,67.33,restaurants,online,web,1,0,0.425,26,1136,2,55.14,1545,1,D38817475,0
T0000614,100114,2024-06-13 13:46:18,221.78,utilities,online,in_person,0,0,0.385,70,305,2,1.0,22396,1,D40410307,0
T0000079,100416,2025-12-15 22:44:52,260.61,electronics,pos,ivr,0,0,0.692,39,846,4,234.18,11344,1,D63618821,0
T0000030,100249,2025-03-02 17:16:13,218.71,restaurants,online,in_person,1,0,0.48,39,103,1,65.05,11505,1,D32117602,0
T0000536,100242,2025-11-25 20:40:59,263.41,grocery,pos,web,1,0,0.771,23,274,6,344.4,3719,0,D47458662,1
T0000696,100298,2024-12-17 17:57:48,73.39,entertainment,atm,in_person,0,0,0.902,12,519,1,225.14,894,1,D73897698,1
T0000558,100393,2025-09-21 19:50:10,58.61,restaurants,pos,in_person,0,0,0.804,23,613,5,21.68,4795,1,D87749681,0
T0000837,100722,2024-01-25 00:28:06,110.65,travel,atm,mobile,1,0,0.353,33,376,1,212.33,3433,1,D74914568,1
T0000597,100924,2024-06-30 23:38:53,92.9,travel,atm,in_person,0,0,0.924,10,2235,3,90.51,3456,1,D78998650,0
T0000166,100771,2025-12-25 15:34:01,65.85,electronics,pos,web,1,0,0.771,63,307,3,130.73,209,1,D86805194,1
T0000919,100936,2025-06-02 07:23:14,506.28,grocery,online,mobile,0,1,0.736,0,25,1,122.2,1527,1,D69437984,1
T0000496,100215,2025-07-20 01:20:03,344.46,restaurants,pos,mobile,1,0,0.237,52,3503,0,216.52,8643,1,D61117908,1
T0000825,100675,2025-09-28 05:56:55,27.78,restaurants,pos,mobile,1,0,0.261,13,745,2,116.43,7331,1,D71068475,0
T0000066,100224,2025-06-18 20:19:47,303.08,online_services,online,in_person,1,0,0.915,45,685,1,24.21,12390,1,D61188898,0
T0000142,100773,2025-08-26 23:23:28,60.91,entertainment,online,in_person,1,0,0.85,26,212,2,165.31,7449,1,D61420130,0
T0000926,100564,2025-10-20 02:57:42,807.51,gas,online,in_person,1,0,0.437,27,551,2,158.31,8001,1,D89192110,0
T0000828,100060,2025-01-05 08:46:50,133.51,grocery,pos,in_person,0,0,0.707,70,583,0,159.16,15171,1,D14068678,0
T0000656,100524,2025-01-26 13:40:38,197.84,grocery,pos,in_person,0,1,0.229,42,1296,3,100.74,3479,0,D82983520,1
T0000332,100364,2024-08-25 08:51:55,263.43,healthcare,atm,in_person,1,0,0.721,75,1783,2,114.95,6632,0,D54277454,0
T0000665,100648,2025-07-24 21:32:56,137.91,online_services,atm,in_person,0,0,0.523,11,2043,3,50.38,3952,1,D95228187,0
T0000250,100750,2024-01-03 01:36:18,51.71,electronics,pos,mobile,0,0,0.343,53,1472,4,185.47,3360,0,D69216723,1
T0000908,100278,2025-05-21 15:13:31,47.03,restaurants,pos,web,1,0,0.343,35,239,1,145.62,1569,0,D34912591,1
T0000709,100305,2025-10-29 01:11:39,121.59,travel,online,mobile,0,0,0.583,14,2017,2,113.46,635,1,D29187448,1
T0000306,100980,2025-10-29 06:49:48,57.53,online_services,pos,in_person,1,0,0.455,46,1235,0,34.94,2429,1,D90536065,0
T0000735,100695,2024-02-05 07:54:38,190.63,online_services,pos,mobile,0,1,0.673,43,157,2,292.7,5660,0,D86662958,1
T0000976,100754,2024-10-25 17:07:57,58.12,restaurants,pos,in_person,1,0,0.398,33,892,3,174.73,5912,1,D54603079,0
T0000050,100671,2024-02-15 21:49:32,157.72,grocery,transfer,in_person,0,0,0.771,12,1140,4,87.59,8225,1,D61530796,0
T0000897,100776,2025-03-05 15:21:22,80.77,online_services,transfer,in_person,1,0,0.64,61,128,2,146.61,4183,1,D21532412,0
T0000003,100334,2024-08-25 05:44:25,291.61,gas,pos,web,1,0,0.204,62,479,2,112.14,56,1,D64803678,1
T0000545,100124,2024-04-25 21:28:45,118.15,travel,online,in_person,0,1,0.255,72,876,1,202.39,4892,0,D74028609,1
T0000351,100464,2024-11-28 11:15:54,206.75,restaurants,pos,in_person,1,0,0.714,15,364,2,73.78,736,0,D14454694,1
T0000905,100552,2024-08-25 20:32:30,84.78,utilities,atm,web,1,0,0.27,54,3071,5,48.55,2011,1,D96419135,1
T0000537,100262,2024-06-20 22:16:52,91.39,grocery,atm,mobile,1,0,0.305,51,894,1,9.82,3261,0,D98801490,0
T0000345,100325,2025-08-06 12:57:18,635.61,electronics,atm,mobile,1,0,0.916,19,209,2,18.78,1853,1,D68899154,0
T0000995,100478,2025-09-16 08:39:19,134.46,grocery,pos,web,1,0,0.879,40,3242,2,66.32,1496,1,D36230430,0
T0000482,100215,2024-03-05 20:57:50,539.1,restaurants,transfer,mobile,1,0,0.657,19,101,5,80.9,957,1,D14465372,1
T0000576,100218,2024-08-17 12:37:47,40.07,grocery,online,mobile,1,0,0.692,31,1926,2,264.04,6536,1,D79919627,0
T0000034,100366,2025-04-13 13:58:19,71.35,restaurants,online,in_person,1,0,0.749,41,3021,1,1.0,3258,1,D22680246,0
T0000032,100741,2025-10-22 03:34:24,102.95,restaurants,pos,in_person,1,0,0.507,72,783,3,205.85,1507,0,D66144904,1
T0000232,100486,2024-10-08 15:26:09,87.21,utilities,atm,web,1,0,0.342,18,3293,2,179.91,16476,1,D95529660,0
T0000964,100731,2024-10-12 06:53:47,134.46,restaurants,transfer,in_person,0,1,0.455,62,1915,0,1.0,1040,1,D98267330,0
T0000193,100354,2025-10-15 06:02:24,105.12,travel,pos,in_person,1,0,0.346,11,451,2,1.0,804,1,D77963529,0
T0000334,100736,2025-12-11 06:56:17,59.6,entertainment,pos,web,1,0,0.301,26,353,1,214.99,12109,1,D68954433,0
T0000004,100311,2025-03-17 06:30:48,346.02,grocery,atm,in_person,1,0,0.338,33,2436,1,8.29,2599,1,D32296834,0
T0000205,100722,2024-09-12 16:19:14,23.45,gas,transfer,mobile,1,0,0.442,37,352,3,326.15,1239,1,D78376554,0
T0000515,100270,2025-05-14 01:14:41,302.39,restaurants,online,in_person,1,0,0.839,21,657,3,225.44,2529,1,D52905959,0
T0000800,100553,2024-12-05 04:14:52,153.7,restaurants,atm,in_person,1,0,0.418,32,1605,4,1.0,8817,1,D52940877,0
T0000307,100385,2025-04-02 08:17:06,109.84,online_services,online,mobile,0,0,0.816,21,749,1,22.12,2681,1,D49251586,1
T0000110,100370,2025-11-13 18:34:56,31.36,online_services,online,in_person,1,0,0.82,32,15,4,10.36,8105,1,D37738252,0
T0000431,100921,2024-03-29 11:11:01,58.18,healthcare,transfer,in_person,1,0,0.795,10,1354,0,1.0,10398,1,D13356880,0
T0000078,100463,2024-07-23 23:23:48,171.17,grocery,online,in_person,1,0,0.733,35,3650,1,1.0,3150,1,D57082597,0
T0000085,100928,2024-06-23 21:51:24,50.59,entertainment,online,in_person,0,0,0.405,20,2820,3,1.0,68,0,D25782586,1
T0000287,100963,2024-01-23 11:15:06,188.17,healthcare,online,web,1,0,0.526,20,677,7,171.59,931,0,D68282161,1
T0000083,100699,2025-10-01 01:15:19,107.05,travel,atm,in_person,0,0,0.705,15,677,2,160.04,0,0,D95361917,1
T0000992,100345,2024-05-25 12:04:36,561.91,restaurants,pos,mobile,0,0,0.689,46,36,2,33.35,4675,0,D36526298,1
T0000790,100508,2024-12-24 11:25:11,129.55,restaurants,transfer,in_person,0,1,0.742,28,29,6,191.85,10411,0,D89112056,1
T0000895,100682,2024-12-21 06:12:48,112.1,gas,atm,web,1,0,0.882,0,3574,1,177.34,1591,0,D31390037,1
T0000399,100095,2025-05-03 20:05:26,239.14,online_services,atm,mobile,1,0,0.386,0,1442,2,13.89,3535,1,D25795046,0
T0000324,100638,2024-02-09 22:04:13,291.72,online_services,online,in_person,1,1,0.708,24,179,2,85.98,9168,1,D44329761,0
T0000520,100240,2025-02-18 15:47:04,642.93,grocery,online,in_person,1,0,0.419,33,156,2,40.37,3898,0,D92757731,1
T0000917,100857,2024-09-16 02:51:41,540.6,healthcare,pos,in_person,1,0,0.919,23,477,2,98.26,455,0,D20675854,1
T0000923,100943,2025-03-03 16:23:42,165.22,travel,atm,in_person,1,0,0.91,15,293,1,1.0,1975,1,D41536305,0
T0000006,100946,2024-05-03 15:02:00,45.97,utilities,pos,web,1,0,0.485,0,138,0,174.26,6831,1,D19997708,0
T0000732,100998,2025-06-08 10:03:04,156.4,online_services,atm,in_person,0,0,0.584,38,3650,2,1.0,3443,1,D18226376,0
T0000466,100867,2025-07-25 01:15:45,98.22,grocery,online,in_person,1,0,0.511,40,444,3,68.24,3364,1,D17719994,0
T0000098,100751,2025-07-05 14:44:16,60.49,entertainment,pos,in_person,1,1,0.274,31,761,3,126.51,967,0,D60595696,1
T0000267,100894,2025-02-06 20:18:45,170.7,healthcare,pos,web,1,0,0.439,59,683,2,185.55,3251,1,D43286712,1
T0000358,100315,2025-03-25 08:59:48,189.3,travel,pos,mobile,1,0,0.931,30,1115,5,209.72,4938,0,D23073596,0
T0000869,100174,2024-02-20 09:43:41,87.67,electronics,pos,web,1,1,0.598,36,32,0,31.65,13972,1,D81740671,0
T0000799,100406,2025-10-26 06:58:37,373.63,gas,atm,in_person,1,0,0.553,29,2181,2,200.03,3607,1,D78390025,1
T0000381,100563,2024-04-16 09:31:33,163.55,grocery,pos,web,0,0,0.374,2,2178,3,40.7,620,0,D31234153,1
T0000632,100776,2025-03-30 14:45:29,1472.03,gas,pos,web,0,0,0.358,44,133,1,154.28,2775,1,D42358021,1
T0000382,100204,2025-10-02 09:43:34,482.31,online_services,online,in_person,1,0,0.665,37,600,1,182.99,11407,0,D58147185,0
T0000491,100039,2025-12-11 07:38:20,394.16,utilities,pos,mobile,1,0,0.524,46,14,3,260.68,4995,0,D47504013,1
T0000119,100292,2024-10-08 14:57:42,627.41,grocery,online,mobile,1,0,0.293,40,38,3,1.0,7995,1,D77489465,0
T0000901,100650,2025-01-30 14:03:19,210.76,travel,transfer,in_person,1,0,0.398,1,1253,3,1.0,2785,1,D66293036,0
T0000251,100050,2025-10-19 13:42:11,106.55,restaurants,pos,in_person,0,0,0.679,47,42,2,224.81,6109,0,D25022676,1
T0000524,100358,2024-10-01 07:05:09,124.93,restaurants,transfer,in_person,1,0,0.667,46,429,0,61.2,2925,1,D54744322,0
T0000010,100980,2025-07-07 01:05:51,68.87,utilities,pos,mobile,1,1,0.762,87,399,0,313.43,680,0,D20510173,1
T0000197,100059,2025-04-13 21:59:40,264.81,entertainment,pos,in_person,1,0,0.284,12,136,1,72.68,3722,1,D96531035,0
T0000604,100923,2024-06-29 02:49:42,84.37,entertainment,online,in_person,1,0,0.803,35,76,0,115.31,2898,0,D18728826,0
T0000082,100819,2024-08-08 08:36:18,81.8,entertainment,pos,web,1,0,0.32,1,545,2,97.1,5118,1,D77587318,0
T0000784,100588,2025-01-13 17:10:37,331.89,gas,atm,in_person,1,0,0.714,59,909,1,89.79,3649,0,D24526476,1
T0000588,100312,2024-10-22 08:41:29,69.85,utilities,atm,mobile,0,0,0.538,66,809,4,99.52,2637,0,D96826742,1
T0000798,100215,2025-04-07 19:47:36,385.02,gas,pos,web,1,0,0.51,33,195,3,166.7,2050,1,D35064813,1
T0000240,100364,2024-01-05 06:30:17,92.16,electronics,pos,in_person,1,0,0.728,36,89,1,112.28,8448,1,D83571025,0
T0000291,100530,2025-06-13 04:55:42,118.3,grocery,pos,mobile,0,1,0.835,13,3650,1,221.54,7136,1,D60115173,0
T0000212,100866,2024-12-28 22:50:35,44.98,entertainment,pos,in_person,1,0,0.459,16,533,2,1.0,5254,1,D25963665,0
T0000718,100796,2025-12-01 09:13:09,275.11,travel,pos,in_person,0,0,0.538,14,117,3,295.4,4077,1,D93334683,1
T0000360,100275,2024-11-12 21:54:21,129.96,online_services,pos,web,0,0,0.755,59,1914,1,101.85,1025,1,D18603867,1
T0000450,100053,2025-11-24 21:56:50,209.57,healthcare,pos,in_person,1,0,0.725,63,3208,3,1.0,2255,1,D21914556,0
T0000228,100305,2024-08-05 22:47:41,803.65,electronics,transfer,in_person,1,0,0.254,46,266,3,176.69,8752,1,D96324473,0
T0000951,100296,2024-12-02 04:16:46,31.47,electronics,pos,mobile,0,0,0.254,10,1578,2,77.34,10456,1,D74450657,0
T0000947,100330,2025-02-15 12:37:59,200.79,online_services,online,web,1,0,0.531,31,696,2,457.12,2637,1,D28917238,1
T0000797,100753,2025-08-20 10:18:00,363.63,utilities,pos,in_person,0,0,0.666,52,1690,2,59.01,1338,1,D65998247,1
T0000502,100265,2024-05-12 21:59:01,332.18,electronics,pos,web,0,0,0.371,12,822,1,215.63,4718,1,D83516836,1
T0000465,100535,2025-11-29 02:18:14,54.29,electronics,online,in_person,1,0,0.841,23,485,5,47.34,459,1,D15116603,1
T0000363,100310,2024-10-04 02:59:44,364.98,online_services,atm,web,0,0,0.283,35,3650,0,187.5,11092,1,D82039073,1
T0000469,100108,2025-12-16 21:26:03,401.57,utilities,pos,in_person,1,0,0.684,66,606,2,120.78,8425,1,D61532214,1
T0000936,100610,2024-01-18 01:18:45,252.29,restaurants,pos,in_person,1,0,0.915,47,127,3,181.63,1963,1,D71980658,0
T0000429,100784,2024-07-11 19:32:28,42.78,restaurants,atm,in_person,1,0,0.416,0,342,1,103.09,2846,1,D38609994,0
T0000008,100035,2025-03-27 07:03:32,111.65,online_services,transfer,in_person,1,0,0.774,34,439,0,102.39,1817,1,D30668623,1
T0000156,100542,2025-11-22 04:19:01,728.61,entertainment,transfer,mobile,1,0,0.346,52,84,1,204.07,6378,0,D98596401,1
T0000542,100829,2024-06-07 08:02:42,70.56,grocery,pos,mobile,0,0,0.815,40,1937,1,29.05,3075,1,D69633300,0
T0000441,100699,2025-01-10 06:06:09,125.17,gas,atm,in_person,1,0,0.524,45,872,1,1.0,5915,1,D43221715,0
T0000483,100578,2025-06-21 17:38:17,161.16,online_services,online,in_person,0,0,0.329,12,359,0,57.44,3899,1,D53370354,1
T0000423,100985,2024-03-28 21:01:22,86.92,gas,transfer,ivr,1,0,0.877,0,1119,2,16.27,2790,1,D38175219,0
T0000779,100591,2025-05-19 21:47:39,156.7,grocery,online,mobile,1,0,0.246,0,727,2,213.33,2276,1,D40813432,1
T0000950,100406,2025-11-26 00:49:54,5.56,grocery,atm,mobile,1,0,0.479,2,61,4,1.0,588,1,D12072025,0
T0000335,100318,2025-12-16 21:22:21,152.86,travel,pos,mobile,1,0,0.531,51,194,4,252.22,4551,1,D73271998,1
T0000577,100102,2025-04-05 04:08:34,494.02,healthcare,atm,mobile,0,0,0.446,28,983,1,193.85,2294,1,D36510860,1
T0000935,100920,2024-08-16 03:12:00,196.11,restaurants,pos,in_person,1,0,0.308,55,593,2,132.94,6663,0,D16870141,0
T0000568,100791,2025-04-09 01:09:53,82.47,grocery,online,mobile,1,0,0.576,48,294,3,25.22,1261,0,D12364056,1
T0000595,100411,2025-06-25 13:29:06,46.85,electronics,online,in_person,1,0,0.342,14,389,3,244.76,2401,1,D35335823,1
T0000531,100066,2025-09-22 17:54:08,107.17,online_services,pos,mobile,1,0,0.809,74,696,1,1.0,2630,0,D71270218,0
T0000582,100504,2025-02-25 05:55:53,52.42,restaurants,pos,web,1,0,0.474,36,597,4,164.47,12029,0,D44038038,0
T0000708,100593,2025-04-27 08:32:36,245.35,entertainment,pos,web,1,0,0.842,29,146,3,237.9,4584,1,D86558410,0
T0000449,100497,2024-12-25 10:39:31,404.69,online_services,online,mobile,1,0,0.622,39,309,2,159.22,1517,1,D68154618,1
T0000454,100327,2025-04-30 07:29:53,962.26,online_services,online,mobile,0,0,0.356,40,3315,2,137.03,3575,0,D37098786,1
T0000229,100202,2024-07-22 20:18:29,68.86,electronics,transfer,in_person,0,0,0.558,58,142,0,1.0,5085,1,D19698864,0
T0000353,100311,2024-06-02 16:34:57,88.78,electronics,atm,web,1,0,0.908,36,824,1,133.28,3822,1,D19110461,0
T0000729,100762,2024-11-07 13:53:52,53.19,restaurants,pos,mobile,1,0,0.387,0,1440,2,228.27,9206,1,D58431756,0
T0000213,100867,2024-04-12 05:27:50,152.56,healthcare,pos,in_person,1,0,0.801,19,3059,5,140.21,3222,1,D57506968,0
T0000080,100039,2025-11-22 03:38:12,112.35,grocery,online,in_person,0,0,0.538,42,1481,2,100.19,1743,1,D67785659,1
T0000149,100478,2024-11-15 06:09:41,387.37,online_services,pos,web,1,0,0.33,85,639,1,40.47,15158,0,D27946337,1
T0000303,100607,2024-03-12 01:21:02,322.93,gas,pos,mobile,1,0,0.862,39,1682,5,70.1,182,1,D72583407,1
T0000629,100189,2024-09-09 07:17:05,58.18,grocery,pos,in_person,1,0,0.71,32,1866,1,100.24,3651,1,D78805293,0
T0000778,100106,2025-09-16 08:11:03,212.15,healthcare,online,in_person,0,0,0.623,38,481,4,68.92,1460,1,D86353496,1
T0000507,100591,2024-02-02 03:25:29,1310.77,online_services,pos,mobile,1,0,0.608,65,142,1,199.05,2954,1,D14024671,1
T0000343,100788,2025-05-22 00:32:50,158.35,electronics,transfer,in_person,0,0,0.887,25,74,1,116.31,71,0,D82378917,1
T0000486,100123,2024-03-14 13:23:51,127.31,healthcare,transfer,web,1,0,0.591,4,3650,1,1.0,5633,1,D12031992,0
T0000712,100416,2024-06-14 19:10:51,279.08,utilities,online,in_person,0,0,0.388,25,499,4,47.11,14850,1,D63809617,0
T0000134,100675,2025-06-04 04:57:51,121.51,grocery,pos,in_person,0,0,0.257,16,418,1,79.21,680,1,D69643062,1
T0000704,100351,2025-06-30 14:23:12,141.0,online_services,online,mobile,1,0,0.797,16,1104,4,202.8,2346,1,D93365173,1
T0000312,100809,2024-11-09 02:20:42,220.34,utilities,online,mobile,1,0,0.797,0,2640,4,60.15,1880,0,D85048685,1
T0000723,100183,2025-12-20 12:56:19,19.06,electronics,transfer,in_person,0,0,0.409,90,3283,1,192.26,3368,1,D20866810,0
T0000630,100561,2025-02-18 13:26:22,16.92,restaurants,pos,mobile,0,0,0.38,71,3650,3,116.41,4105,1,D98834974,0
T0000001,100395,2024-07-06 18:05:02,195.24,utilities,pos,web,1,0,0.73,39,261,1,32.17,749,1,D11245518,1
T0000317,100631,2025-08-16 16:44:32,157.57,grocery,pos,in_person,0,0,0.287,68,576,0,87.31,846,1,D52173135,1
T0000707,100877,2025-05-24 18:41:45,65.4,electronics,pos,in_person,1,0,0.342,38,2467,0,131.14,1140,0,D35430831,1
T0000548,100660,2024-01-02 08:24:08,59.88,gas,pos,web,1,0,0.501,27,1093,1,36.49,8843,1,D82540342,0
T0000873,100183,2024-01-30 00:59:49,284.82,electronics,atm,in_person,1,0,0.861,38,358,2,287.1,7475,1,D89634066,0
T0000533,100364,2025-02-11 10:52:25,99.12,travel,pos,mobile,1,0,0.562,20,1315,2,165.5,6420,1,D49250535,0
T0000478,100580,2025-03-24 12:32:13,53.1,entertainment,pos,ivr,1,0,0.941,64,1246,1,84.79,4423,0,D94616806,0
T0000405,100701,2024-12-24 18:59:55,237.23,restaurants,atm,in_person,0,0,0.647,15,2339,1,1.0,5415,0,D69382828,0
T0000173,100470,2025-01-14 03:21:24,98.55,utilities,pos,in_person,1,0,0.247,17,823,1,84.22,5011,1,D64306776,0
T0000126,100750,2024-01-01 19:59:11,204.63,restaurants,transfer,web,1,0,0.937,33,1828,4,250.56,3642,0,D55228953,1
T0000395,100988,2025-03-10 18:58:49,279.15,gas,transfer,ivr,1,0,0.816,38,1087,3,167.59,526,1,D42017330,1
T0000421,100502,2024-04-24 18:31:45,161.24,restaurants,pos,in_person,1,0,0.787,26,245,3,183.21,1781,0,D28014153,1
T0000553,100222,2024-07-24 08:41:56,193.79,gas,pos,in_person,1,0,0.563,42,190,2,13.24,2132,0,D21342258,1
T0000904,100688,2024-10-21 23:13:21,619.83,grocery,pos,web,1,0,0.573,54,1226,2,149.95,791,1,D26867813,1
T0000091,100794,2025-05-12 07:41:13,270.11,electronics,online,mobile,1,0,0.345,47,162,3,1.0,1156,0,D24832778,1
T0000940,100956,2024-05-29 00:16:42,323.56,restaurants,pos,in_person,1,0,0.257,40,37,2,89.93,549,1,D10603325,1
T0000182,100622,2025-12-04 04:23:07,180.81,electronics,pos,ivr,1,0,0.466,42,2740,1,218.13,548,0,D95724223,1
T0000275,100350,2024-04-28 09:21:00,611.56,restaurants,atm,mobile,0,0,0.254,61,969,3,166.5,7068,1,D82848514,1
T0000896,100643,2025-11-24 01:19:10,381.61,grocery,atm,in_person,1,0,0.599,12,613,0,96.12,4146,0,D77480567,1
T0000070,100802,2024-10-25 22:44:58,124.94,restaurants,transfer,web,1,0,0.681,40,951,1,74.11,9238,0,D53187338,0
T0000292,100725,2025-11-18 04:01:36,170.26,gas,pos,in_person,1,0,0.505,65,2766,2,3.62,1656,0,D48633185,1
T0000132,100621,2024-11-10 13:56:31,42.99,gas,pos,mobile,0,0,0.272,66,1903,0,291.03,10138,1,D73624956,0
T0000301,100803,2024-02-23 22:14:55,702.48,travel,pos,mobile,0,0,0.464,11,314,0,230.82,175,1,D95939000,1
T0000425,100771,2024-10-18 23:53:02,66.73,entertainment,pos,in_person,1,0,0.794,44,584,0,112.74,6132,0,D89703406,0
T0000327,100303,2025-11-30 02:35:28,36.06,grocery,pos,in_person,1,0,0.46,60,1190,2,88.54,233,1,D90918360,1
T0000145,100632,2025-03-23 18:12:43,71.4,online_services,online,in_person,1,1,0.58,16,1472,1,168.27,3195,1,D38518539,0
T0000424,100669,2025-05-27 13:16:40,39.15,online_services,pos,ivr,0,0,0.215,56,29,1,162.38,11097,0,D42069499,0
T0000581,100102,2024-05-05 22:51:00,16.96,online_services,online,in_person,1,0,0.721,31,864,2,299.33,2264,1,D30356137,0
T0000136,100274,2025-03-17 04:49:55,59.5,healthcare,transfer,mobile,1,0,0.94,24,2389,3,283.05,169,1,D69886639,1
T0000451,100825,2025-08-25 00:19:59,131.89,restaurants,atm,in_person,1,0,0.762,11,3362,2,137.24,3814,1,D83518736,0
T0000165,100363,2024-05-01 10:12:39,315.65,gas,online,in_person,0,0,0.899,0,1000,0,63.62,6539,1,D98840530,0
T0000029,100891,2024-04-01 05:32:37,215.18,restaurants,pos,in_person,1,0,0.862,0,1026,3,1.0,72,1,D13189014,0
T0000774,100946,2024-08-08 23:42:02,500.48,gas,atm,in_person,1,0,0.902,71,766,3,201.17,1670,0,D84669167,1
T0000194,100958,2025-03-21 00:19:07,552.97,gas,pos,mobile,0,0,0.686,21,90,4,174.12,694,1,D40322941,1
T0000389,100072,2025-07-19 01:12:31,190.31,healthcare,online,mobile,1,0,0.502,75,1551,3,113.52,6625,1,D45149375,0
T0000853,100651,2024-05-08 04:01:53,336.21,gas,online,web,1,1,0.837,60,43,2,129.57,8847,1,D80159725,1
T0000170,100884,2025-01-28 15:18:14,143.07,utilities,pos,mobile,1,0,0.896,47,254,1,166.13,3726,1,D48304300,0
T0000706,100156,2024-11-22 15:36:45,61.66,grocery,pos,mobile,1,0,0.358,18,3650,1,183.0,1855,1,D96594743,1
T0000141,100296,2024-03-20 19:52:53,215.5,utilities,transfer,in_person,0,0,0.23,36,297,1,56.88,2548,0,D61529816,1
T0000174,100506,2025-05-21 14:26:54,49.25,gas,pos,mobile,1,0,0.282,21,554,2,16.57,5445,1,D18734404,0
T0000007,100563,2025-07-05 03:37:04,166.51,gas,online,in_person,1,0,0.893,33,1333,1,317.4,3089,0,D72736417,1
T0000746,100750,2025-12-27 21:03:42,343.01,restaurants,transfer,in_person,1,0,0.264,1,73,1,109.29,2374,1,D94221196,1
T0000479,100003,2024-12-21 10:55:34,149.26,travel,online,in_person,0,0,0.928,60,486,2,1.0,10285,1,D85990061,0
T0000074,100600,2025-08-08 07:07:38,232.16,online_services,online,in_person,0,0,0.34,32,2168,5,1.0,410,1,D94975624,1
T0000911,100812,2024-02-21 08:26:38,75.45,travel,pos,web,0,0,0.861,79,167,8,183.36,3909,0,D86979674,1
T0000814,100651,2025-06-02 08:25:53,94.3,grocery,transfer,in_person,1,0,0.377,21,914,1,188.24,7701,1,D26614651,0
T0000239,100439,2024-11-07 22:32:21,57.04,restaurants,pos,mobile,1,0,0.732,61,636,1,1.0,4211,1,D97809891,0
T0000146,100501,2025-05-05 21:44:58,102.12,electronics,online,mobile,0,0,0.903,0,3113,2,246.63,3587,1,D56689123,1
T0000793,100388,2024-01-24 00:55:55,235.12,restaurants,transfer,in_person,1,0,0.446,26,880,3,1.0,2963,0,D53041428,0
T0000235,100471,2025-02-07 16:20:33,77.0,restaurants,online,in_person,1,0,0.305,44,514,2,86.65,11370,1,D43767228,0
T0000221,100198,2025-01-06 13:02:34,121.33,electronics,pos,web,0,0,0.803,46,599,0,114.77,2000,0,D45437941,1
T0000924,100217,2025-09-26 17:06:37,88.74,online_services,atm,in_person,0,0,0.28,36,2213,3,162.55,3745,0,D66755646,1
T0000501,100304,2024-12-27 05:18:58,506.48,restaurants,atm,web,1,0,0.796,34,927,1,147.63,5841,1,D92643794,1
T0000133,100035,2025-04-20 04:17:16,262.86,online_services,online,in_person,1,0,0.341,8,85,4,6.79,1884,1,D80731548,0
T0000991,100417,2025-11-29 13:45:14,324.89,electronics,transfer,in_person,1,0,0.91,73,64,2,1.0,4390,0,D81141227,0
T0000775,100895,2024-03-20 09:38:51,150.03,entertainment,online,web,1,0,0.799,54,879,5,197.97,311,1,D98620127,1
T0000186,100284,2024-12-26 14:21:16,591.22,online_services,online,in_person,1,0,0.406,28,2506,0,46.84,6220,1,D89257691,1
T0000042,100650,2025-12-14 21:30:17,241.98,grocery,pos,mobile,1,1,0.453,4,370,1,182.14,1803,1,D57205354,1
T0000697,100949,2025-11-11 20:07:57,18.39,electronics,online,mobile,1,0,0.88,24,1548,3,194.0,7509,1,D25489266,0
T0000109,100964,2024-08-22 19:50:59,316.17,entertainment,pos,ivr,0,0,0.248,54,169,1,1.0,6573,1,D65586121,0
T0000589,100969,2025-12-07 08:01:28,183.44,healthcare,atm,in_person,1,1,0.827,54,492,0,1.0,725,0,D50595907,1
T0000057,100838,2024-04-06 15:01:51,115.86,entertainment,pos,mobile,1,0,0.887,20,1110,5,235.97,11755,1,D76852192,0
T0000406,100280,2025-11-19 01:43:44,116.83,travel,pos,in_person,1,1,0.398,0,3650,1,275.34,2308,1,D34864785,0
T0000443,100863,2025-05-08 00:25:51,205.56,utilities,online,in_person,0,0,0.882,50,718,3,1.0,892,1,D67820031,0
T0000758,100673,2025-12-26 22:36:21,320.38,grocery,pos,in_person,1,0,0.217,35,757,3,33.94,2727,1,D92932522,1
T0000998,100143,2024-06-08 01:21:02,165.51,restaurants,online,in_person,1,0,0.68,14,220,1,5.33,2824,1,D54168703,0
T0000025,100195,2025-01-22 01:21:29,100.94,utilities,pos,in_person,0,0,0.402,13,2885,3,182.16,5159,0,D78928328,1
T0000468,100274,2024-01-24 08:22:50,848.53,grocery,transfer,web,1,1,0.2,0,2524,1,35.54,13311,0,D51374112,0
T0000540,100429,2025-08-18 16:06:14,73.12,online_services,online,in_person,1,0,0.442,34,544,2,198.13,7648,1,D87690143,0
T0000532,100796,2024-07-14 09:18:59,63.62,electronics,online,in_person,1,0,0.846,54,1268,5,5.85,1359,1,D70511779,0
T0000619,100692,2024-07-14 14:15:49,85.41,grocery,online,web,1,0,0.352,49,225,0,323.62,8985,1,D85392149,0
T0000695,100156,2025-04-04 23:03:09,70.52,restaurants,online,in_person,1,0,0.768,0,184,1,67.69,8235,0,D85729551,0
T0000927,100551,2025-04-30 00:03:52,127.39,electronics,online,mobile,1,1,0.297,82,1267,1,1.0,1261,1,D38680964,1
T0000339,100467,2024-11-19 05:50:19,419.8,online_services,transfer,mobile,0,0,0.322,65,578,1,261.75,719,1,D47185040,1
T0000052,100381,2025-04-07 05:39:35,261.95,gas,pos,web,0,0,0.354,19,845,3,217.77,19696,1,D33306661,0
T0000508,100292,2024-04-10 09:35:20,219.51,restaurants,pos,in_person,1,0,0.864,35,1484,2,149.03,1893,1,D62927796,0
T0000517,100764,2024-12-14 22:58:37,270.83,online_services,pos,in_person,1,0,0.615,22,1259,1,134.43,8210,1,D23845031,0
T0000921,100854,2024-04-01 13:17:59,111.48,utilities,atm,web,0,0,0.645,49,334,3,1.0,1621,0,D34838171,0
T0000782,100034,2024-08-09 22:51:51,138.14,grocery,atm,in_person,0,0,0.521,27,606,5,115.67,5458,0,D44141747,0
T0000265,100507,2024-05-13 15:56:09,226.87,utilities,pos,in_person,1,0,0.22,35,1200,1,160.58,262,1,D53010294,1
T0000818,100575,2025-12-02 04:52:18,184.88,gas,atm,in_person,1,0,0.475,22,600,1,71.81,12952,1,D55706204,0
T0000711,100478,2025-07-04 11:45:04,146.6,grocery,pos,in_person,1,0,0.738,44,2130,1,176.02,2196,1,D59391886,0
T0000683,100356,2025-11-16 00:35:14,457.85,grocery,pos,web,1,1,0.801,75,3650,2,99.94,13928,1,D19856797,1
T0000833,100440,2024-11-25 12:49:55,53.79,utilities,transfer,mobile,1,0,0.393,29,561,3,212.61,4422,0,D14881929,0
T0000519,100568,2025-10-08 05:21:49,332.96,gas,pos,in_person,1,1,0.589,43,702,0,14.14,6251,1,D78387685,0
T0000448,100875,2024-06-18 12:10:56,110.13,travel,atm,in_person,1,0,0.829,70,373,3,197.71,16633,1,D46991762,0
T0000019,100060,2025-01-25 08:21:29,327.21,grocery,online,in_person,1,0,0.787,63,229,0,263.0,5117,1,D67822400,0
T0000716,100176,2024-03-15 06:40:54,49.68,electronics,pos,in_person,1,0,0.264,36,998,1,75.2,399,0,D63831424,1
T0000484,100615,2025-11-27 07:17:56,250.31,restaurants,pos,in_person,1,0,0.608,51,1004,0,445.5,18221,1,D91151292,1
T0000569,100944,2025-02-05 15:17:35,243.13,electronics,pos,in_person,0,0,0.365,29,1098,2,57.92,2640,0,D51427515,1
T0000434,100883,2025-12-10 01:35:47,28.57,grocery,pos,web,0,0,0.433,0,540,2,7.76,5933,1,D70326020,0
T0000368,100842,2025-08-06 17:02:51,70.81,gas,pos,mobile,0,0,0.593,0,335,2,94.42,148,1,D80121116,1
T0000084,100221,2024-07-05 06:02:16,105.26,gas,online,web,1,0,0.403,13,1241,1,110.89,14445,1,D50464911,0
T0000062,100042,2024-01-12 06:35:56,109.79,restaurants,online,in_person,1,0,0.263,84,230,0,1.0,2105,0,D13030914,0
T0000639,100597,2024-11-03 20:14:37,250.04,restaurants,atm,in_person,1,0,0.459,27,1601,6,131.11,3431,1,D63971805,1
T0000273,100292,2025-03-16 15:05:00,135.97,electronics,online,in_person,1,0,0.219,32,159,0,100.19,4205,0,D75437873,1
T0000286,100405,2025-07-26 21:18:48,97.09,grocery,pos,web,1,0,0.209,77,537,2,302.71,2254,0,D35654607,1
T0000361,100824,2025-11-29 00:33:55,129.38,gas,atm,in_person,1,1,0.895,19,2703,4,138.99,4542,1,D16507196,0
T0000355,100974,2025-04-04 08:01:18,388.24,grocery,pos,web,1,0,0.401,29,3650,2,1.0,2789,1,D49039250,0
T0000457,100284,2025-06-28 11:04:17,390.96,grocery,pos,web,0,0,0.202,12,3650,0,1.0,3063,0,D11445374,0
T0000279,100481,2024-09-03 13:55:03,433.56,grocery,pos,in_person,1,0,0.662,70,1775,2,304.72,129,1,D39213803,1
T0000013,100928,2025-08-21 16:49:31,157.5,healthcare,pos,web,0,0,0.682,35,1193,1,199.21,689,1,D64424385,1
T0000183,100369,2025-01-09 21:36:42,102.53,travel,online,in_person,1,1,0.21,51,1098,3,260.53,1712,0,D18578050,1
T0000369,100472,2024-02-11 21:33:01,178.05,online_services,transfer,mobile,1,0,0.88,42,1643,0,102.49,6762,1,D90870458,0
T0000882,100286,2024-01-05 05:49:02,348.24,electronics,atm,mobile,1,0,0.589,22,1028,1,233.52,4034,1,D45164735,1
T0000616,100209,2024-11-06 14:47:59,46.79,restaurants,pos,mobile,1,1,0.423,45,1527,3,1.0,405,1,D32908044,0
T0000224,100197,2025-05-31 13:08:05,55.93,entertainment,pos,mobile,1,0,0.624,41,2688,3,36.39,10428,1,D17205579,0
T0000573,100722,2025-09-25 09:20:28,187.89,electronics,pos,in_person,1,0,0.385,37,1174,2,88.37,2630,0,D53597546,1
T0000971,100342,2025-08-20 15:09:30,115.06,healthcare,pos,web,0,0,0.338,42,3650,2,118.16,2146,0,D79347874,1
T0000654,100892,2024-11-28 11:40:02,54.96,entertainment,pos,in_person,1,0,0.661,54,3204,2,6.95,2443,0,D42822488,0
T0000546,100009,2025-10-18 04:08:54,128.6,entertainment,pos,mobile,0,0,0.774,11,1145,2,1.0,1258,1,D57119388,0
T0000583,100498,2025-10-06 02:41:55,113.93,travel,transfer,in_person,1,0,0.32,57,560,1,148.86,1348,1,D84494330,1
T0000634,100054,2025-12-12 19:59:07,25.97,grocery,pos,mobile,1,0,0.485,42,2732,1,298.48,2215,1,D34826258,0
T0000177,100245,2025-11-03 19:39:34,614.73,restaurants,transfer,in_person,0,0,0.726,19,1397,0,69.05,4340,0,D49799171,1
T0000666,100301,2025-12-16 06:24:50,31.97,grocery,online,web,0,0,0.863,63,64,3,58.61,1399,0,D42144567,1
T0000674,100125,2024-03-03 00:30:13,45.37,electronics,transfer,in_person,0,0,0.529,71,442,1,417.22,3776,0,D49606667,1
T0000586,100615,2024-04-21 10:42:45,895.67,electronics,pos,in_person,1,0,0.666,39,3126,0,1.0,1399,0,D43122178,0
T0000874,100108,2025-09-20 19:32:15,157.07,entertainment,atm,web,0,1,0.61,0,165,2,199.56,5785,1,D76093083,1
T0000394,100165,2024-03-02 00:22:13,224.4,restaurants,pos,web,0,0,0.893,16,752,3,27.33,1047,0,D48951395,1
T0000164,100131,2025-11-06 19:53:35,70.86,entertainment,online,in_person,1,0,0.316,52,2372,1,1.0,5664,1,D22416998,0
T0000249,100430,2025-01-03 18:24:09,2027.5,restaurants,transfer,in_person,1,0,0.271,57,2149,2,116.39,15754,1,D50294282,0
T0000635,100194,2025-04-05 11:05:56,112.23,online_services,transfer,mobile,0,0,0.632,15,75,2,87.79,4324,1,D82477655,0
T0000886,100797,2024-07-30 11:46:30,192.49,grocery,pos,in_person,1,1,0.363,29,514,2,221.7,9882,0,D98988821,0
T0000670,100214,2024-05-31 21:50:53,14.76,healthcare,online,mobile,1,0,0.246,78,282,2,30.0,20459,1,D59523680,0
T0000376,100231,2024-01-21 03:09:57,1205.79,entertainment,online,in_person,0,0,0.694,23,7,3,18.23,2964,0,D90274545,1
T0000413,100161,2025-02-07 22:28:46,80.61,electronics,atm,in_person,1,0,0.767,12,152,3,141.98,344,1,D48004703,1
T0000075,100361,2024-06-09 19:10:12,168.71,gas,online,in_person,1,0,0.903,68,3046,3,214.89,4380,1,D12548021,1
T0000114,100780,2025-08-27 05:27:12,40.39,restaurants,pos,in_person,1,0,0.844,43,801,0,70.68,7863,1,D57903738,0
T0000599,100461,2025-05-22 22:06:34,184.47,grocery,transfer,web,1,0,0.512,58,2030,1,77.28,1559,0,D75604599,1
T0000962,100624,2024-08-07 08:54:39,166.99,utilities,pos,in_person,1,0,0.271,39,957,3,94.19,984,1,D46024554,1
T0000391,100769,2024-01-06 02:49:32,18.56,gas,transfer,ivr,1,0,0.596,68,3325,5,115.74,1362,1,D43372308,1
T0000105,100493,2024-03-21 00:16:20,64.06,grocery,pos,in_person,1,0,0.482,31,1862,2,142.79,14077,0,D51829441,0
T0000115,100265,2025-07-05 21:36:53,158.37,gas,pos,mobile,0,0,0.338,54,5,0,276.84,6593,0,D58325967,1
T0000418,100400,2025-10-19 21:19:01,490.25,restaurants,online,mobile,0,0,0.201,78,1449,1,119.64,3989,1,D97088155,1
T0000526,100146,2024-11-08 09:08:23,99.66,grocery,pos,in_person,0,0,0.733,28,526,0,1.0,1458,1,D67107007,0
T0000458,100330,2025-04-22 12:46:14,69.33,electronics,pos,web,1,0,0.842,7,23,1,128.25,3160,1,D41467401,1
T0000410,100578,2024-07-08 19:17:39,46.21,grocery,online,in_person,1,0,0.859,9,3650,1,204.08,275,1,D74035282,1
T0000093,100955,2024-01-13 18:23:12,101.4,online_services,pos,in_person,1,0,0.297,19,1569,2,1.0,5871,1,D63665844,0
T0000931,100151,2025-11-20 12:10:51,149.22,utilities,pos,mobile,1,0,0.268,5,256,3,1.0,3240,0,D14051895,0
T0000090,100327,2024-04-27 07:17:44,221.82,online_services,pos,web,1,0,0.343,24,11,5,159.54,2582,1,D95934863,0
T0000337,100786,2024-11-23 18:55:24,81.12,utilities,pos,in_person,0,0,0.227,26,645,1,350.28,7022,1,D63347036,1
T0000989,100477,2024-09-21 09:47:03,113.03,entertainment,online,mobile,1,0,0.877,50,1082,7,260.48,2731,1,D99611878,0
T0000922,100520,2025-05-23 05:55:34,68.01,grocery,online,in_person,1,0,0.942,46,241,1,118.82,1207,1,D84069506,0
T0000934,100031,2025-11-07 05:45:08,653.7,restaurants,online,in_person,1,0,0.524,25,72,0,1.0,454,0,D51633317,1
T0000606,100265,2025-07-11 23:31:36,241.54,travel,transfer,in_person,0,0,0.407,62,162,1,73.9,4332,1,D74435165,0
T0000594,100266,2025-05-27 02:15:41,33.56,entertainment,online,mobile,1,0,0.682,43,3370,2,138.55,36,1,D47130629,1
T0000612,100886,2025-02-18 17:35:35,183.41,restaurants,pos,in_person,1,0,0.463,42,1703,4,200.19,8212,1,D89717136,0
T0000095,100524,2025-05-16 05:48:53,32.51,electronics,pos,in_person,0,0,0.908,83,36,2,1.0,10610,1,D76116127,0
T0000012,100835,2025-09-15 23:28:27,298.87,grocery,transfer,mobile,1,0,0.546,26,3650,0,100.39,1502,1,D43995852,0
T0000397,100516,2024-02-09 08:16:43,294.16,gas,pos,web,1,0,0.618,35,1796,3,241.4,1107,0,D63818605,1
T0000534,100748,2025-04-14 05:45:56,222.98,healthcare,pos,web,1,0,0.828,46,117,3,55.5,10185,1,D74087693,0
T0000044,100108,2024-06-26 16:55:42,182.9,online_services,pos,in_person,1,0,0.657,21,2152,1,218.34,5043,1,D92171528,0
T0000043,100470,2024-08-07 12:46:43,81.54,grocery,atm,web,1,0,0.658,17,2185,3,187.44,1830,1,D33299709,1
T0000330,100866,2025-03-31 11:35:23,93.09,online_services,online,in_person,1,0,0.436,11,466,4,1.0,312,1,D47730728,0
T0000168,100655,2024-10-31 05:14:37,209.86,online_services,pos,ivr,0,0,0.888,35,1276,1,213.94,9023,1,D26499103,0
T0000498,100926,2025-08-27 19:25:19,109.72,restaurants,pos,in_person,1,0,0.555,13,1593,3,45.55,5359,1,D90662564,0
T0000877,100029,2025-11-14 00:52:18,146.78,grocery,pos,mobile,1,0,0.556,47,1033,0,306.93,176,1,D36320648,1
T0000598,100344,2024-06-01 15:55:10,308.38,utilities,online,web,1,0,0.649,50,191,1,1.0,218,1,D52942669,1
T0000757,100739,2025-02-20 04:10:09,64.8,healthcare,online,in_person,1,0,0.444,58,3650,0,119.65,9598,1,D23992714,0
T0000101,100117,2025-02-13 06:24:07,105.6,online_services,pos,in_person,1,0,0.771,34,150,2,54.33,7,1,D97567407,1
T0000427,100894,2024-01-05 14:01:12,305.89,electronics,online,in_person,1,0,0.792,31,169,2,124.62,8726,0,D51569051,1
T0000179,100614,2025-07-20 20:46:32,133.38,electronics,online,mobile,1,0,0.643,20,2430,2,39.1,620,1,D22822589,1
T0000445,100528,2024-03-20 08:42:49,109.02,entertainment,online,ivr,1,1,0.623,28,1281,3,63.43,1587,1,D90215173,1
T0000417,100793,2024-07-23 12:34:27,395.56,healthcare,pos,web,1,0,0.619,25,545,2,158.45,6306,1,D56958722,0
T0000871,100457,2024-09-15 13:12:49,190.75,gas,pos,web,1,0,0.701,34,925,1,168.95,6738,0,D55482129,1
T0000883,100514,2024-04-17 05:30:19,54.6,restaurants,atm,mobile,0,0,0.609,51,572,4,1.0,1032,1,D43569146,0
T0000681,100095,2024-06-23 19:02:59,309.54,electronics,online,in_person,0,0,0.824,36,259,3,1.0,15619,1,D69960918,0
T0000178,100912,2025-08-06 00:20:09,171.4,restaurants,online,in_person,1,0,0.793,18,1140,1,338.35,3496,1,D54526054,0
T0000396,100517,2025-11-09 01:20:17,168.08,grocery,pos,mobile,0,0,0.622,24,109,1,85.09,3864,1,D84229769,1
T0000912,100683,2024-08-12 10:54:11,212.16,restaurants,pos,web,1,0,0.357,0,2780,5,168.62,2015,1,D63896096,1
T0000794,100540,2024-07-16 16:46:45,211.06,online_services,atm,mobile,0,0,0.902,34,45,1,119.54,16261,1,D60759049,0
T0000961,100776,2024-04-03 15:51:14,635.99,restaurants,pos,in_person,0,0,0.211,35,880,3,181.48,712,1,D17500093,1
T0000685,100238,2025-08-21 12:04:59,100.3,gas,pos,mobile,0,0,0.556,23,3650,4,120.6,3340,1,D33003781,1
T0000384,100899,2025-11-23 06:44:49,48.11,electronics,atm,in_person,0,0,0.243,25,388,1,275.79,2220,1,D70786921,1
T0000957,100639,2025-08-06 05:07:55,96.0,online_services,transfer,in_person,1,0,0.517,41,93,3,1.0,1555,1,D66688585,0
T0000752,100425,2025-11-23 00:23:21,113.37,utilities,pos,in_person,1,0,0.92,18,586,2,200.52,3509,1,D15460805,1
T0000258,100881,2025-09-10 03:37:19,105.79,entertainment,pos,web,1,0,0.634,42,3650,1,77.55,1659,1,D94279350,0
T0000539,100829,2024-08-24 01:39:21,17.2,gas,pos,web,0,0,0.534,39,437,1,96.99,10285,0,D74832732,0
T0000336,100415,2024-03-08 23:13:42,49.65,grocery,pos,web,1,0,0.87,29,1873,3,1.0,1248,1,D66279636,0
T0000016,100599,2024-01-25 18:18:10,68.49,electronics,atm,web,1,1,0.865,56,855,2,184.17,6970,1,D50975647,0
T0000325,100103,2024-09-04 18:25:49,764.01,electronics,atm,in_person,1,0,0.7,17,1163,1,318.38,10469,1,D78413312,1
T0000759,100312,2024-07-26 13:22:53,263.92,entertainment,transfer,mobile,1,1,0.315,52,72,3,63.32,374,0,D82783426,1
T0000223,100276,2024-07-15 10:12:03,173.98,electronics,online,web,0,0,0.432,30,1296,0,170.37,2267,0,D35758607,1
T0000180,100675,2024-09-09 11:10:12,191.95,travel,transfer,in_person,1,1,0.31,51,324,2,106.86,2924,1,D19989222,1
T0000984,100430,2024-05-06 00:10:45,287.73,online_services,transfer,web,1,0,0.266,59,165,0,128.92,4310,1,D73454105,1
T0000023,100245,2025-10-01 12:56:29,445.99,travel,pos,web,1,0,0.314,29,894,1,1.0,2247,0,D39929370,0
T0000357,100870,2024-12-02 04:28:22,183.27,entertainment,pos,web,0,0,0.724,71,191,4,120.71,3629,1,D28675165,0
T0000667,100329,2025-01-14 13:43:34,34.67,restaurants,online,in_person,0,0,0.383,9,2219,3,228.38,5976,0,D65783848,1
T0000862,100046,2024-09-11 02:12:26,40.53,online_services,transfer,in_person,1,1,0.433,56,123,2,319.57,17632,0,D80996792,0
T0000341,100288,2024-08-27 16:23:03,18.88,restaurants,pos,web,1,0,0.518,52,222,0,64.59,9280,0,D40275090,0
T0000432,100669,2024-10-24 22:38:42,227.52,restaurants,transfer,in_person,1,0,0.665,73,264,1,128.22,61,1,D99603917,1
T0000552,100542,2024-03-04 16:14:30,244.91,utilities,pos,in_person,1,0,0.493,13,181,0,23.81,4770,0,D29533955,0
T0000834,100918,2024-09-27 00:56:16,105.44,electronics,online,in_person,1,1,0.665,50,176,0,1.0,898,1,D66354856,1
T0000204,100581,2025-01-10 08:20:16,264.95,entertainment,atm,in_person,1,0,0.466,0,1213,0,88.86,231,1,D25587200,1
T0000631,100753,2025-04-16 22:46:24,632.6,grocery,atm,in_person,0,0,0.515,41,3650,0,241.72,2043,1,D75040673,1
T0000094,100302,2025-07-29 00:01:59,138.14,online_services,pos,in_person,1,0,0.717,38,1789,1,112.24,4722,0,D53264271,0
T0000559,100097,2024-02-26 23:01:01,48.42,utilities,atm,in_person,1,0,0.265,2,145,3,76.77,15321,1,D30457775,0
T0000069,100152,2024-02-19 22:06:14,321.24,grocery,pos,in_person,0,1,0.771,42,1200,2,79.51,3207,1,D76553992,1
T0000623,100613,2024-05-28 19:37:46,189.05,grocery,pos,in_person,0,0,0.513,46,634,1,36.94,905,1,D65264821,1
T0000285,100461,2024-10-12 15:23:06,54.63,utilities,pos,mobile,0,1,0.433,43,2280,2,87.76,1462,1,D75292952,1
T0000845,100355,2024-12-21 17:49:05,166.99,restaurants,pos,in_person,1,0,0.514,5,626,2,209.14,4449,1,D36391056,0
T0000435,100020,2025-10-30 22:16:36,342.22,electronics,pos,in_person,1,0,0.925,1,215,0,93.52,4022,0,D55054099,1
T0000154,100501,2025-07-02 19:27:10,95.81,grocery,online,ivr,1,0,0.307,0,568,2,277.08,1887,1,D49247688,1
T0000076,100977,2024-04-01 18:23:24,276.29,online_services,online,web,1,0,0.426,56,780,2,175.99,1561,1,D42650952,1
T0000731,100878,2025-03-15 19:23:06,222.08,electronics,pos,in_person,1,1,0.793,47,1985,3,101.33,3863,1,D53582283,1
T0000447,100113,2024-09-17 12:36:14,387.8,restaurants,pos,web,1,0,0.729,0,2157,0,304.52,1277,1,D68470823,1
T0000189,100840,2025-10-16 06:34:22,43.32,gas,pos,in_person,1,0,0.722,57,378,1,286.42,13632,1,D20880719,0
T0000272,100947,2024-12-27 06:28:51,197.32,travel,pos,in_person,1,0,0.246,32,1102,1,130.54,805,0,D75391837,1
T0000237,100482,2025-12-12 07:55:39,21.49,restaurants,pos,in_person,1,0,0.646,0,340,3,23.96,463,1,D92224658,0
T0000488,100469,2024-09-10 07:44:50,218.61,grocery,atm,in_person,0,0,0.282,2,518,0,203.52,1712,1,D31716213,1
T0000118,100667,2024-03-14 08:33:48,151.36,online_services,pos,mobile,1,0,0.465,32,2311,3,1.0,692,1,D39016857,0
T0000944,100208,2025-11-09 13:59:47,437.15,restaurants,online,in_person,0,0,0.57,27,900,2,27.03,5086,1,D33594354,0
T0000513,100595,2024-01-23 04:24:26,162.31,electronics,pos,in_person,0,0,0.948,47,29,4,414.67,4300,0,D78715943,0
T0000826,100962,2024-11-05 05:57:13,152.35,utilities,pos,in_person,1,0,0.552,58,674,3,179.67,1251,0,D18130362,1
T0000592,100700,2024-07-02 04:54:06,185.7,restaurants,transfer,in_person,1,0,0.864,2,3650,2,191.9,9721,1,D12589025,0
T0000127,100372,2025-03-08 15:06:07,553.89,grocery,pos,ivr,1,0,0.923,32,2366,4,420.06,1234,1,D56360070,1
T0000117,100996,2025-12-15 00:36:59,182.99,electronics,pos,in_person,0,0,0.649,47,77,2,218.59,1085,1,D43933129,1
T0000474,100830,2025-08-24 15:43:37,175.35,online_services,online,mobile,1,0,0.711,15,483,2,77.9,2615,0,D21119243,1
T0000694,100413,2025-03-12 13:55:36,19.56,travel,pos,in_person,1,0,0.732,8,779,1,93.33,945,0,D42660501,0
T0000058,100893,2024-04-30 12:55:56,569.89,gas,pos,web,1,0,0.838,7,525,3,1.0,631,1,D19141044,1
T0000864,100582,2024-03-15 10:23:13,160.07,gas,transfer,in_person,1,0,0.3,5,665,5,1.0,744,0,D38123643,0
T0000913,100999,2024-01-08 14:45:02,244.7,gas,pos,in_person,0,0,0.268,29,551,6,200.96,12338,1,D43082865,0
T0000370,100682,2024-09-03 09:05:55,317.33,gas,pos,mobile,1,0,0.858,35,1897,1,262.7,998,0,D77113946,1
T0000269,100803,2024-06-25 01:50:43,155.69,healthcare,pos,mobile,1,0,0.95,35,46,5,16.22,4292,0,D83092261,0
T0000047,100285,2024-06-05 16:43:48,325.15,restaurants,pos,web,0,0,0.285,61,1466,1,195.94,535,1,D81274194,1
T0000350,100607,2024-08-20 20:08:07,560.23,gas,pos,ivr,0,0,0.352,0,5,4,1.0,112,1,D27775315,1
T0000196,100891,2024-02-26 07:18:27,66.34,grocery,pos,in_person,1,0,0.53,39,1180,3,56.6,3176,1,D58137763,0
T0001000,100500,2024-03-07 14:51:55,311.49,healthcare,pos,ivr,1,1,0.293,23,297,2,21.29,2455,1,D17897257,0
T0000835,100513,2025-05-27 05:13:08,75.37,grocery,pos,mobile,0,0,0.55,16,3399,2,96.06,3508,1,D67410387,0
T0000737,100485,2025-05-03 05:23:48,298.86,entertainment,pos,in_person,0,0,0.921,14,3650,3,334.0,1807,0,D24583297,1
T0000264,100864,2025-02-28 00:14:37,90.04,online_services,atm,in_person,0,0,0.559,29,900,4,1.0,2588,1,D98580706,0
T0000444,100297,2024-10-15 09:43:36,487.16,travel,pos,web,1,0,0.899,26,390,1,1.0,1548,1,D84622085,0
T0000676,100100,2024-07-10 09:15:59,203.25,grocery,pos,in_person,0,1,0.851,12,46,1,74.27,242,0,D78727867,1
T0000305,100157,2024-06-09 06:09:42,140.44,utilities,online,web,1,0,0.591,39,889,1,292.72,1284,0,D48479124,1
T0000342,100060,2024-11-01 17:58:30,195.18,entertainment,online,in_person,1,0,0.208,24,301,1,74.97,24043,1,D74784080,0
T0000967,100582,2024-11-25 12:35:21,117.89,grocery,pos,web,1,0,0.468,23,1348,1,202.18,766,1,D43695391,0
T0000150,100646,2024-01-13 22:29:45,170.95,healthcare,pos,in_person,1,0,0.243,36,52,0,163.5,594,0,D84126059,1
T0000125,100690,2024-06-23 13:41:02,314.69,electronics,online,web,0,0,0.434,16,265,2,1.0,378,1,D93730132,1
T0000787,100568,2024-02-25 04:55:46,154.44,online_services,online,in_person,1,0,0.671,42,2656,2,149.83,5,1,D37604475,1
T0000051,100700,2025-09-16 22:19:32,192.52,electronics,atm,in_person,0,0,0.437,28,779,1,44.07,2671,1,D46657281,1
T0000354,100076,2025-03-18 16:51:57,308.71,online_services,atm,in_person,0,0,0.529,44,3650,1,337.18,11639,1,D62511186,1
T0000928,100148,2025-09-06 05:39:09,215.38,grocery,online,mobile,1,0,0.721,37,3650,2,77.81,2362,1,D66030503,0
T0000143,100542,2024-01-30 15:43:58,21.78,restaurants,transfer,in_person,1,0,0.474,57,379,2,140.38,2719,1,D80367420,0
T0000471,100235,2025-09-29 15:18:57,202.95,gas,transfer,mobile,1,0,0.625,51,70,2,52.76,2838,1,D11167408,0
T0000400,100424,2024-08-16 09:05:34,78.71,utilities,transfer,in_person,1,0,0.257,59,612,3,1.0,21847,1,D43327261,0
T0000626,100469,2024-03-31 22:40:14,91.83,online_services,online,in_person,1,0,0.36,38,206,2,118.87,3176,1,D78427003,0
T0000321,100062,2024-02-23 12:02:29,300.1,grocery,atm,in_person,1,0,0.467,24,202,0,3.6,944,1,D96081593,0
T0000020,100319,2024-06-13 19:27:51,141.89,gas,pos,mobile,1,0,0.661,64,105,4,107.85,866,1,D32859584,1
T0000810,100377,2024-11-21 13:55:43,180.46,restaurants,pos,in_person,1,0,0.919,40,79,0,86.88,1181,0,D80728930,1
T0000791,100619,2025-07-09 14:08:06,75.83,restaurants,pos,in_person,1,0,0.609,84,1211,3,240.94,2765,0,D29735375,1
T0000809,100672,2024-08-29 06:35:43,111.36,restaurants,online,in_person,0,0,0.656,54,2082,2,1.0,9840,1,D57852266,0
T0000408,100161,2024-09-12 02:03:18,313.11,entertainment,transfer,mobile,1,0,0.23,46,2819,5,115.18,4292,0,D90349750,1
T0000538,100140,2024-02-13 04:28:04,416.98,grocery,pos,in_person,1,0,0.43,43,189,3,98.41,2705,0,D76029667,0
T0000621,100494,2024-04-24 11:15:26,99.82,restaurants,pos,in_person,1,1,0.262,42,1388,0,3.32,9213,0,D21817985,0
T0000039,100234,2024-07-22 00:19:24,70.67,restaurants,pos,in_person,0,0,0.743,42,578,1,179.16,1727,1,D64553466,0
T0000176,100038,2025-09-03 06:43:47,173.35,grocery,atm,web,0,1,0.464,56,148,2,169.72,427,1,D85580902,1
T0000246,100102,2025-06-09 12:28:41,46.59,online_services,atm,in_person,1,0,0.698,26,988,1,6.72,9203,0,D99328010,0
T0000829,100364,2025-08-06 07:36:50,442.65,grocery,atm,mobile,1,0,0.458,39,1198,2,97.24,4555,1,D56286602,0
T0000668,100096,2024-01-25 10:03:35,229.03,electronics,online,in_person,1,0,0.631,25,2103,1,232.88,401,1,D55921276,1
T0000755,100331,2025-05-04 04:37:24,740.0,online_services,online,in_person,1,0,0.724,50,1504,3,120.31,4569,1,D61623371,1
T0000859,100573,2024-03-12 23:25:47,25.96,travel,atm,in_person,1,0,0.592,35,712,3,65.51,3780,1,D82901214,0
T0000155,100429,2024-08-31 08:18:33,141.4,gas,transfer,mobile,1,1,0.416,47,169,3,249.5,542,0,D24535717,1
T0000288,100723,2025-06-04 07:52:35,155.59,online_services,atm,in_person,1,0,0.731,54,1134,3,23.5,801,1,D34266017,0
T0000603,100395,2024-12-22 06:10:09,467.31,restaurants,online,web,0,0,0.362,47,244,4,52.71,12026,0,D85246074,1
T0000570,100663,2024-12-28 18:54:39,175.77,gas,online,in_person,1,0,0.902,31,299,2,29.22,12630,1,D41796727,0
T0000744,100229,2025-05-31 07:16:49,27.83,online_services,transfer,ivr,1,0,0.769,19,199,1,126.0,7637,1,D33206190,0
T0000018,100798,2025-03-19 19:15:09,62.62,grocery,pos,in_person,1,0,0.686,16,465,1,217.9,8133,0,D84628905,0
T0000128,100751,2025-12-14 01:23:24,50.91,online_services,online,in_person,0,0,0.307,0,2398,0,173.23,624,1,D28754645,1
T0000323,100660,2024-11-20 07:43:52,425.86,electronics,pos,web,1,0,0.56,20,1186,2,14.36,1101,0,D73429377,1
T0000256,100620,2024-11-30 07:32:52,298.75,online_services,pos,web,1,1,0.465,0,3091,3,7.66,1434,1,D23391587,1
T0000658,100532,2025-04-02 09:06:03,174.1,travel,online,mobile,1,0,0.269,76,898,3,107.12,7475,1,D84151269,0
T0000965,100496,2025-06-06 16:06:12,143.73,grocery,pos,in_person,1,0,0.335,52,504,4,179.37,1721,1,D63327447,1
T0000191,100014,2025-04-27 12:49:58,700.15,gas,transfer,web,0,0,0.806,42,642,0,20.21,7372,1,D51840649,1
T0000116,100217,2025-04-05 02:25:41,92.15,gas,pos,in_person,1,0,0.201,50,743,2,120.79,555,1,D95616438,1
T0000617,100750,2024-04-04 04:06:28,282.15,online_services,pos,in_person,1,0,0.358,52,99,3,196.27,13151,1,D52906819,0
T0000607,100326,2024-05-24 20:49:04,294.9,grocery,pos,web,1,0,0.223,38,2068,2,178.31,13591,1,D32498534,0
T0000181,100249,2025-10-22 15:37:02,480.78,grocery,pos,in_person,1,0,0.761,13,55,0,190.31,2950,1,D98013267,0
T0000302,100196,2025-06-07 08:52:29,37.32,utilities,transfer,mobile,1,0,0.594,18,3650,2,1.0,3980,1,D46549828,0
T0000760,100440,2025-08-08 04:27:34,221.03,online_services,pos,mobile,0,0,0.622,24,306,2,1.0,3267,1,D53976773,0
T0000713,100021,2025-11-15 00:35:55,58.47,travel,transfer,in_person,1,0,0.857,38,760,3,42.32,4557,1,D20377942,0
T0000724,100109,2025-01-21 06:39:34,38.59,entertainment,pos,mobile,0,0,0.896,54,2206,3,211.98,2719,1,D35191444,1
T0000686,100896,2024-12-01 21:33:06,96.43,grocery,pos,web,1,0,0.679,52,3290,2,1.0,926,1,D28370623,0
T0000980,100720,2025-09-27 18:26:27,221.28,travel,pos,web,1,0,0.624,53,1471,0,35.59,11453,1,D67680073,0
T0000518,100894,2024-01-01 11:21:34,79.88,electronics,atm,in_person,1,0,0.458,39,261,1,402.54,4651,0,D20977648,0
T0000985,100140,2024-08-14 10:36:35,207.88,utilities,transfer,in_person,1,0,0.741,61,581,1,176.6,2581,1,D93606884,1
T0000046,100667,2024-08-31 04:21:32,180.7,grocery,pos,mobile,1,0,0.366,44,595,1,1.0,10505,1,D97081617,0
T0000910,100216,2024-12-11 21:24:40,56.34,grocery,online,web,0,0,0.333,30,369,0,230.32,8384,1,D28287169,1
T0000158,100315,2024-06-19 12:30:39,359.41,online_services,online,web,0,0,0.615,30,1728,2,1.0,6697,0,D90501747,0
T0000852,100275,2024-11-27 18:09:18,95.51,utilities,pos,in_person,1,0,0.94,32,2099,1,27.83,1268,0,D39623588,1
T0000172,100260,2024-05-04 12:03:13,221.73,gas,atm,mobile,1,0,0.203,47,263,1,1.0,2214,1,D98552945,0
T0000017,100793,2024-08-31 22:10:41,206.83,online_services,pos,mobile,1,0,0.273,21,337,1,259.63,1028,0,D16584197,1
T0000512,100164,2025-09-05 12:24:33,113.57,healthcare,online,in_person,1,1,0.56,43,697,5,86.09,553,1,D58705492,1
T0000049,100743,2025-08-16 08:29:53,273.42,grocery,online,web,0,0,0.786,41,301,2,66.9,531,1,D16971436,1
T0000972,100133,2024-09-03 16:51:22,134.89,gas,online,in_person,1,0,0.571,11,112,0,158.36,195,1,D48787371,1
T0000941,100790,2024-02-22 12:53:19,179.55,grocery,pos,mobile,1,0,0.352,21,3650,2,1.96,5594,1,D62287737,0
T0000516,100557,2025-08-23 02:46:14,202.39,gas,transfer,web,1,0,0.848,29,3650,3,25.11,981,1,D27887625,1
T0000953,100595,2025-09-06 23:17:50,228.1,restaurants,online,in_person,1,0,0.55,16,1289,0,212.94,6968,1,D14358479,0
T0000481,100348,2024-12-25 05:32:47,181.41,restaurants,pos,mobile,1,0,0.767,3,239,3,64.38,6141,0,D91445193,0
T0000284,100777,2024-12-16 13:29:31,223.4,restaurants,transfer,in_person,0,0,0.264,44,1124,5,255.67,1712,1,D40622219,1
T0000719,100420,2025-08-20 02:33:25,108.22,entertainment,pos,in_person,0,0,0.763,0,1336,0,71.27,350,1,D38804256,1
T0000878,100625,2025-01-25 21:53:03,121.65,grocery,online,web,0,0,0.849,4,1615,2,31.66,395,1,D88094885,1
T0000226,100169,2024-07-17 11:12:45,182.25,grocery,pos,web,1,0,0.259,12,2585,3,28.97,3756,1,D89937746,0
T0000027,100797,2024-06-24 05:34:56,239.63,gas,online,mobile,1,0,0.531,21,126,3,140.85,3189,0,D69390931,1
T0000955,100265,2024-05-13 06:38:15,78.19,electronics,pos,in_person,1,0,0.947,48,3224,2,98.95,1103,1,D39345885,0
T0000438,100897,2024-03-11 10:41:18,56.67,travel,online,web,1,0,0.614,5,131,0,61.57,2435,0,D11599217,0
T0000952,100301,2024-01-22 08:28:03,222.87,utilities,transfer,web,1,0,0.365,16,1264,0,81.82,615,0,D11360773,1
T0000365,100967,2025-08-14 10:17:43,132.62,electronics,pos,ivr,1,0,0.686,40,188,1,205.45,1752,0,D32532879,1
T0000230,100941,2025-12-26 06:07:19,114.59,grocery,pos,in_person,1,0,0.454,48,388,3,139.27,2480,0,D13912128,1
T0000038,100195,2025-08-06 11:52:45,69.68,travel,online,web,1,0,0.812,52,3642,1,182.72,17443,1,D16632748,0
T0000966,100324,2024-11-28 00:34:33,43.46,grocery,online,ivr,0,0,0.737,13,1330,4,43.45,343,0,D82782491,1
T0000375,100019,2024-02-01 02:16:54,244.38,gas,atm,in_person,0,1,0.276,48,784,0,194.07,1558,1,D37013040,1
T0000470,100275,2024-11-07 22:28:40,62.43,gas,pos,in_person,0,0,0.739,32,752,2,89.4,4837,1,D41631657,0
T0000968,100636,2024-01-20 16:34:52,76.1,grocery,pos,in_person,0,0,0.839,32,211,2,264.81,4608,1,D23209817,1
T0000851,100875,2024-06-08 07:12:57,107.16,restaurants,online,in_person,1,0,0.229,51,144,2,376.96,2010,1,D13598380,1
T0000705,100698,2025-01-18 08:49:58,381.56,healthcare,online,mobile,0,0,0.531,33,752,4,1.0,5442,1,D81453114,0
T0000842,100525,2025-08-28 21:08:13,153.24,travel,atm,in_person,1,0,0.201,41,372,0,267.85,2977,0,D91655066,1
T0000195,100477,2025-02-10 23:17:49,54.8,healthcare,pos,in_person,1,0,0.563,65,3650,1,236.58,127,1,D46631723,1
T0000855,100506,2024-04-05 10:25:09,190.7,online_services,atm,in_person,1,0,0.391,42,49,2,124.58,1125,1,D87924114,1
T0000865,100269,2025-04-29 12:40:04,79.51,travel,pos,in_person,1,0,0.344,78,686,3,143.53,10164,1,D75247051,0
T0000504,100961,2024-02-08 04:32:30,38.39,grocery,atm,mobile,0,0,0.316,11,471,1,150.07,184,1,D60220049,1
T0000970,100524,2025-09-22 16:44:28,153.11,gas,transfer,in_person,1,0,0.604,46,367,5,7.44,1918,1,D47511044,0
T0000831,100051,2025-06-16 05:13:09,211.95,gas,transfer,mobile,0,0,0.443,27,1735,0,83.14,4287,1,D91155020,1
T0000580,100349,2025-10-20 05:36:50,205.84,entertainment,online,in_person,0,0,0.652,42,9,2,81.63,2527,1,D25452137,1
T0000969,100571,2025-03-20 01:53:26,341.01,utilities,pos,in_person,1,0,0.381,17,2668,1,99.33,5717,1,D31141891,0
T0000163,100953,2024-05-01 06:00:12,1007.9,restaurants,pos,in_person,1,0,0.271,27,1298,6,255.65,1647,1,D95021389,1
T0000909,100624,2025-03-07 07:59:37,158.05,electronics,pos,web,1,0,0.656,27,916,2,141.7,760,1,D12322437,1
T0000153,100997,2025-11-19 11:52:20,32.88,grocery,online,mobile,0,0,0.848,47,157,1,384.81,3229,1,D89026193,0
T0000802,100354,2024-08-30 01:39:21,55.96,restaurants,transfer,web,1,0,0.714,33,689,0,101.58,2708,1,D31393028,0
T0000994,100003,2025-12-27 12:44:30,484.6,online_services,online,mobile,1,0,0.56,20,3650,0,194.78,2836,1,D80621968,1
T0000756,100634,2025-12-04 02:13:21,412.59,utilities,online,in_person,0,0,0.366,32,3227,0,178.24,9337,1,D72133179,1
T0000112,100624,2024-08-09 05:03:15,183.82,restaurants,pos,in_person,0,0,0.751,23,1431,3,201.04,1474,1,D75605030,1
T0000227,100278,2024-07-07 11:31:50,1430.42,grocery,online,in_person,1,1,0.722,32,792,0,166.25,1738,0,D89526786,1
T0000689,100742,2025-06-09 05:04:19,98.2,grocery,atm,in_person,1,0,0.524,0,314,2,1.0,11265,0,D81423115,0
T0000104,100150,2025-03-28 05:45:17,288.23,grocery,atm,mobile,1,0,0.783,31,2740,3,1.0,2954,1,D36727814,0
T0000422,100307,2024-03-06 15:28:24,69.85,healthcare,pos,in_person,1,0,0.903,21,165,0,107.47,4608,1,D94636770,0
T0000420,100005,2025-07-08 09:35:15,501.81,restaurants,pos,mobile,1,0,0.943,42,32,3,18.8,1501,1,D59032598,1
T0000751,100683,2024-08-14 22:40:34,149.95,travel,pos,in_person,0,0,0.896,40,820,1,325.71,4663,1,D16741987,1
T0000587,100850,2025-06-08 01:22:39,51.47,entertainment,atm,mobile,1,1,0.408,19,1451,3,322.21,3190,1,D67905716,1
T0000781,100735,2024-08-04 01:54:29,141.73,grocery,pos,web,1,0,0.493,33,725,0,256.38,3132,0,D90425870,0
T0000673,100969,2024-08-30 06:50:24,78.06,gas,atm,in_person,1,0,0.703,22,63,2,245.74,636,1,D43793593,1
T0000120,100645,2025-03-16 00:29:53,119.65,gas,online,web,1,0,0.34,58,453,4,278.1,3179,1,D67174287,1
T0000054,100846,2025-01-25 21:32:25,111.31,utilities,atm,in_person,1,0,0.61,20,616,0,10.72,4060,0,D29199203,0
T0000152,100680,2025-09-19 08:25:48,58.43,electronics,online,in_person,1,0,0.745,8,261,2,125.49,3071,0,D49014011,0
T0000404,100461,2025-12-25 10:59:33,104.13,gas,pos,in_person,0,0,0.205,42,99,1,178.02,1514,1,D54361278,1
T0000946,100304,2025-08-08 14:17:52,107.76,gas,transfer,in_person,0,0,0.266,70,12,4,107.04,8992,1,D58764053,0
T0000208,100754,2024-02-07 07:52:39,49.55,electronics,atm,web,1,0,0.889,0,1487,2,56.54,11,1,D51429646,1
T0000659,100139,2024-09-23 14:58:52,441.98,electronics,pos,mobile,0,1,0.607,51,1951,4,190.79,4052,1,D60958523,1
T0000844,100363,2024-07-24 11:19:45,136.46,gas,atm,web,1,0,0.215,0,1798,3,1.0,2299,0,D39004419,0
T0000763,100353,2025-07-11 12:20:55,288.88,grocery,pos,mobile,1,0,0.784,50,120,2,80.37,3853,1,D36316734,0
T0000009,100271,2024-06-01 04:40:24,146.19,grocery,atm,web,1,1,0.536,19,154,2,59.63,1072,1,D57112133,1
T0000808,100698,2025-06-08 05:19:22,48.43,entertainment,transfer,mobile,1,0,0.689,0,104,3,155.53,7389,0,D22466856,0
T0000037,100473,2024-10-30 21:08:52,133.95,travel,pos,in_person,1,0,0.923,51,49,3,102.51,1869,0,D53330139,1
T0000453,100661,2025-05-16 07:31:04,859.12,restaurants,online,mobile,1,0,0.76,9,3137,1,30.17,7494,1,D48324787,1
T0000652,100655,2025-05-26 12:44:23,126.88,gas,pos,web,1,0,0.461,28,817,1,145.6,851,1,D76723423,1
T0000254,100678,2024-03-27 14:35:06,61.06,online_services,pos,in_person,1,0,0.268,16,945,1,69.62,174,0,D21302000,1
T0000304,100078,2024-01-04 13:33:28,110.42,restaurants,pos,web,0,0,0.419,34,396,5,235.4,2087,0,D27118428,1
T0000747,100610,2025-06-28 23:55:22,748.32,grocery,online,web,0,0,0.827,30,873,1,222.85,3973,0,D27782724,1
T0000572,100929,2024-02-26 21:32:54,139.61,restaurants,online,in_person,0,0,0.307,18,600,4,170.63,374,1,D99837232,1
T0000624,100357,2024-07-24 11:35:24,84.97,gas,transfer,in_person,1,0,0.86,37,832,1,1.0,3008,1,D38281867,0
T0000733,100870,2024-05-25 02:58:29,243.2,restaurants,pos,mobile,1,0,0.453,41,767,1,193.01,2203,1,D69747453,0
T0000892,100542,2024-05-07 04:41:17,89.84,grocery,atm,in_person,1,0,0.602,17,826,2,244.35,2737,0,D68226366,0
T0000263,100669,2024-03-23 19:35:15,182.9,travel,pos,mobile,1,0,0.573,65,426,1,226.05,3458,1,D43929308,1
T0000611,100134,2025-05-14 15:29:41,58.51,restaurants,pos,web,1,0,0.767,19,810,2,1.0,1540,1,D28874042,0
T0000298,100188,2025-05-16 09:02:01,106.19,gas,pos,mobile,1,0,0.22,49,485,2,113.2,9015,1,D96567720,0
T0000415,100090,2025-03-05 08:57:56,114.85,restaurants,pos,web,1,0,0.816,53,1485,0,1.0,5689,1,D40708527,0
T0000151,100676,2024-04-06 22:00:20,128.67,grocery,pos,in_person,0,0,0.26,18,468,4,195.74,816,0,D59123238,1
T0000789,100472,2025-01-03 09:50:58,56.03,restaurants,pos,in_person,1,1,0.223,31,122,0,224.85,2369,1,D53437043,0
T0000641,100224,2025-08-17 21:51:42,38.67,utilities,pos,web,0,0,0.859,38,1904,6,75.69,986,1,D26959434,1
T0000890,100002,2025-12-12 14:56:36,32.02,entertainment,transfer,web,1,0,0.356,0,414,3,165.43,2077,1,D52796471,0
T0000551,100590,2025-07-06 14:43:29,209.88,online_services,pos,web,0,0,0.801,18,1165,2,1.0,4083,1,D21222941,0
T0000887,100003,2025-04-17 19:22:21,455.07,grocery,online,in_person,1,0,0.85,63,1440,2,1.0,3515,1,D26013233,0
T0000489,100265,2025-08-31 19:04:18,68.97,online_services,pos,mobile,0,0,0.486,33,3650,0,267.01,937,1,D34870529,1
T0000148,100184,2025-09-20 04:02:32,130.75,online_services,pos,in_person,1,0,0.569,51,477,3,177.77,4091,1,D56313350,1
T0000147,100574,2024-02-18 04:37:32,85.55,travel,pos,web,1,1,0.393,25,961,1,2.16,3109,1,D68085964,0
T0000721,100559,2024-12-15 01:27:36,136.11,online_services,atm,in_person,1,0,0.458,47,95,1,1.0,3526,0,D78894882,0
T0000932,100510,2025-07-29 20:19:06,222.18,online_services,pos,mobile,0,0,0.573,8,3248,4,46.04,5981,1,D72688534,1
T0000740,100570,2024-01-03 05:55:10,19.64,restaurants,transfer,mobile,1,0,0.794,37,3549,1,1.0,2585,0,D96240780,0
T0000660,100319,2024-12-08 01:57:31,110.9,entertainment,pos,in_person,1,0,0.764,35,2324,6,378.75,6837,1,D88167286,0
T0000349,100274,2025-01-15 14:57:32,35.75,entertainment,pos,mobile,0,0,0.618,25,1540,1,30.1,1887,1,D64891992,0
T0000464,100353,2025-04-13 13:05:49,22.97,online_services,transfer,in_person,1,0,0.494,62,289,1,96.64,6223,1,D87379568,0
T0000326,100288,2024-05-24 19:21:16,286.49,electronics,pos,in_person,1,0,0.439,42,58,2,68.66,4762,1,D62755365,0
T0000187,100644,2025-04-08 10:25:37,175.02,restaurants,pos,in_person,1,0,0.809,30,509,3,220.99,1707,1,D60369756,0
T0000124,100313,2024-08-12 21:48:27,504.35,entertainment,pos,web,1,0,0.887,44,1199,2,131.09,5255,1,D76323127,1
T0000854,100751,2024-08-21 18:47:59,152.62,restaurants,online,in_person,0,0,0.897,15,454,2,1.0,19066,1,D32551897,0
T0000609,100555,2024-02-11 19:19:00,32.56,utilities,transfer,web,1,0,0.332,56,1111,1,14.58,6046,1,D76832379,0
T0000144,100000,2024-12-18 20:46:05,188.85,online_services,atm,web,1,0,0.203,34,1296,0,354.48,21943,0,D31500553,1
T0000959,100659,2025-09-25 14:33:36,148.16,online_services,pos,mobile,1,0,0.443,0,858,2,77.99,3622,1,D82288475,0
T0000198,100963,2024-05-11 07:00:03,104.05,utilities,pos,in_person,1,0,0.589,41,170,2,1.84,11601,1,D16467940,0
T0000610,100660,2024-05-09 19:29:05,240.86,electronics,transfer,in_person,1,0,0.239,20,9,2,160.72,1701,0,D90416079,1
T0000280,100936,2025-12-30 14:50:52,188.01,online_services,transfer,in_person,1,0,0.419,46,1085,3,51.32,5220,0,D13888691,0
T0000294,100511,2024-05-18 02:23:44,14.73,utilities,atm,in_person,1,0,0.58,48,2385,2,142.39,478,1,D48322216,0
T0000401,100088,2024-03-26 01:13:43,126.26,electronics,pos,in_person,0,1,0.621,33,951,1,101.07,118,1,D17860839,1
T0000123,100508,2025-02-21 09:58:39,180.91,grocery,atm,in_person,1,0,0.243,38,2062,4,1.0,344,1,D73441987,1
T0000184,100732,2024-03-28 20:28:19,401.68,restaurants,pos,in_person,1,1,0.41,33,5,2,167.13,10803,1,D59430822,1
T0000203,100300,2024-07-23 18:55:14,161.02,electronics,atm,web,1,0,0.414,66,3650,4,90.19,9117,0,D92258664,0
T0000439,100729,2024-10-27 01:51:41,82.36,restaurants,transfer,in_person,1,0,0.507,77,563,2,57.15,4510,0,D34971330,1
T0000247,100977,2025-04-12 14:39:00,55.31,grocery,pos,web,1,0,0.225,18,797,0,165.02,297,1,D14280912,1
T0000416,100096,2025-12-07 11:38:47,177.33,online_services,atm,ivr,0,0,0.719,27,3427,3,1.0,7457,1,D37669609,0
T0000933,100697,2024-10-21 05:51:09,423.59,healthcare,online,in_person,0,0,0.319,12,79,1,1.0,657,1,D28810555,1
T0000766,100285,2024-12-28 20:24:56,29.81,restaurants,transfer,mobile,1,1,0.212,27,1848,3,205.85,6889,0,D85732797,1
T0000907,100375,2025-10-14 09:22:46,121.16,restaurants,atm,mobile,1,0,0.339,18,814,1,137.67,595,1,D35122158,0
T0000836,100564,2024-09-10 15:07:10,66.36,online_services,atm,web,1,0,0.478,6,1185,4,191.28,1327,1,D63738771,1
T0000888,100532,2024-07-01 13:45:13,100.66,grocery,online,web,1,0,0.46,0,1208,3,87.69,2294,1,D45009533,0
T0000130,100239,2024-10-29 04:59:22,64.46,healthcare,online,mobile,1,0,0.651,31,1285,2,1.0,1886,1,D10135950,0
T0000638,100058,2025-08-07 13:05:48,54.49,travel,atm,in_person,0,0,0.422,51,91,1,189.78,2621,1,D80403062,1
T0000403,100267,2024-01-18 23:47:24,310.59,restaurants,pos,in_person,1,0,0.442,22,1,3,1.0,20034,1,D93158220,0
T0000785,100855,2024-01-18 10:51:50,149.95,travel,online,in_person,1,1,0.831,27,237,2,62.52,6804,1,D54712401,0
T0000771,100113,2025-10-23 10:50:19,703.52,utilities,online,in_person,1,0,0.318,59,212,1,180.22,1847,1,D45983726,1
T0000736,100162,2025-01-19 05:33:11,171.11,restaurants,online,in_person,1,0,0.905,52,234,3,260.94,4806,1,D51584663,1
T0000914,100027,2024-09-24 05:05:24,84.78,restaurants,pos,in_person,1,1,0.857,61,1941,1,1.0,1015,1,D11909363,0
T0000220,100711,2024-07-20 18:03:47,79.33,entertainment,pos,web,1,1,0.228,5,3650,1,70.84,2818,1,D84074209,1
T0000642,100043,2024-06-20 17:45:15,278.46,utilities,pos,in_person,0,0,0.442,63,775,1,56.73,9043,0,D95297317,0
T0000916,100556,2025-03-22 04:43:01,420.63,travel,atm,in_person,0,0,0.519,20,550,2,111.63,8802,0,D44458974,0
T0000753,100094,2024-06-30 07:20:49,59.53,restaurants,online,mobile,1,0,0.296,32,351,2,305.34,10476,0,D13351058,0
T0000807,100793,2024-07-24 13:24:31,131.76,gas,atm,in_person,1,0,0.682,11,795,2,1.0,14003,0,D29037058,0
T0000920,100239,2024-04-20 22:07:14,27.31,utilities,transfer,web,0,0,0.252,48,1553,4,184.01,1417,1,D42291403,1
T0000625,100876,2024-10-27 18:51:42,226.79,restaurants,pos,mobile,1,0,0.243,0,892,1,320.83,998,1,D78475659,1
T0000875,100085,2024-08-14 02:52:58,27.04,gas,pos,web,0,0,0.815,76,812,0,190.92,3652,1,D73713917,0
T0000761,100046,2024-06-28 03:05:03,457.01,online_services,pos,in_person,1,0,0.69,0,41,3,178.12,3307,0,D90905743,1
T0000387,100057,2025-11-05 07:02:25,220.45,gas,transfer,in_person,1,0,0.457,47,536,2,1.0,61,0,D19373887,1
T0000973,100427,2025-05-09 00:31:39,181.42,travel,pos,in_person,1,0,0.314,61,18,0,85.29,7614,1,D93577006,0
T0000510,100385,2024-08-20 13:49:09,225.56,electronics,transfer,ivr,1,0,0.448,29,569,3,162.41,7587,1,D10906677,0
T0000268,100808,2024-01-15 05:49:11,203.69,travel,pos,in_person,0,0,0.392,27,1579,0,74.17,934,0,D37826137,1
T0000820,100866,2025-10-15 21:06:06,53.22,travel,pos,web,0,0,0.653,97,162,2,113.23,5100,0,D98070159,1
T0000442,100567,2024-02-06 07:14:51,199.5,gas,online,mobile,1,0,0.82,19,1398,0,207.71,6754,1,D34618096,0
T0000497,100307,2024-04-14 16:11:38,28.55,restaurants,pos,mobile,1,0,0.212,4,658,0,163.7,7057,1,D65839486,0
T0000113,100662,2024-06-17 15:52:55,86.94,online_services,transfer,web,0,1,0.734,47,1863,2,1.0,5188,1,D61114575,0
T0000692,100895,2024-03-19 18:43:20,118.96,gas,online,in_person,1,0,0.921,9,844,4,221.48,6128,1,D52601744,0
T0000233,100566,2024-12-03 05:59:21,197.17,electronics,transfer,in_person,0,0,0.773,11,549,3,211.45,1586,1,D99812175,1
T0000870,100214,2025-05-26 10:04:55,142.32,online_services,pos,in_person,1,0,0.481,26,120,2,119.65,7085,0,D85644025,0
T0000608,100333,2025-02-19 21:19:03,222.14,entertainment,pos,web,1,0,0.812,16,1120,2,15.12,2097,1,D81397182,0
T0000672,100586,2025-06-01 01:33:13,189.64,restaurants,pos,in_person,1,0,0.448,20,56,1,185.9,1722,1,D51968090,1
T0000374,100565,2025-03-16 11:03:53,316.6,restaurants,online,in_person,0,0,0.579,33,3650,4,189.28,1715,1,D20053664,1
T0000982,100244,2024-06-06 05:23:44,37.43,travel,transfer,in_person,1,1,0.388,6,40,2,136.63,585,1,D42138924,1
T0000843,100716,2024-08-30 01:57:09,719.33,electronics,pos,web,1,0,0.915,36,1552,3,29.6,1099,1,D49688392,1
T0000234,100260,2025-01-07 19:24:54,439.34,utilities,pos,mobile,1,0,0.914,23,32,3,172.52,4462,1,D35151594,1
T0000786,100933,2024-02-25 13:36:48,185.66,gas,online,web,0,0,0.776,11,97,2,59.82,7835,1,D54077018,0
T0000677,100545,2025-09-20 23:31:43,1266.92,travel,atm,web,1,0,0.769,95,1191,2,184.74,2567,1,D14131631,1
T0000318,100672,2025-08-12 07:46:21,79.23,utilities,online,mobile,1,0,0.229,26,315,1,1.0,6989,0,D93073689,0
T0000649,100548,2024-06-03 09:42:35,172.08,travel,online,mobile,1,0,0.565,53,3401,2,64.54,2230,0,D81643553,0
T0000411,100978,2024-05-11 20:46:59,39.1,restaurants,transfer,web,1,0,0.453,36,1072,2,119.68,1875,0,D58004484,1
T0000899,100787,2024-01-05 15:24:03,228.37,utilities,pos,web,0,0,0.227,39,1615,0,188.47,1560,0,D20126165,1
T0000710,100956,2024-09-23 22:19:12,265.8,grocery,transfer,mobile,0,0,0.268,56,1363,5,126.17,329,1,D82529423,1
T0000359,100996,2025-01-02 14:43:31,68.24,grocery,online,mobile,1,0,0.221,25,1329,3,198.81,1193,1,D19070000,1
T0000259,100276,2024-05-17 06:34:19,131.57,online_services,online,web,1,0,0.569,17,693,1,108.63,12004,1,D66570982,0
T0000745,100562,2024-09-18 19:19:35,162.25,utilities,transfer,in_person,1,0,0.921,6,2554,3,171.89,2551,1,D56031896,1
T0000628,100673,2025-07-03 15:39:58,505.92,gas,transfer,web,0,0,0.868,44,3345,3,88.65,7841,1,D72477980,1
T0000633,100224,2025-04-03 01:02:06,103.05,online_services,online,in_person,1,0,0.296,57,651,2,3.69,13071,0,D99974101,0
T0000283,100942,2025-06-22 12:09:33,341.96,gas,transfer,mobile,1,0,0.276,19,3650,3,241.98,21356,0,D56835091,0
T0000377,100953,2025-08-15 03:14:29,123.39,electronics,pos,web,0,1,0.3,14,878,0,1.0,2990,1,D22005348,0
T0000385,100550,2024-03-23 22:22:53,35.12,gas,pos,in_person,0,1,0.838,57,273,0,1.0,3883,1,D21832793,0
T0000225,100832,2025-07-21 23:09:10,161.01,electronics,online,in_person,0,0,0.232,9,3500,0,137.48,92,1,D68498518,1
T0000954,100741,2024-05-17 06:27:20,52.13,grocery,pos,mobile,0,0,0.943,33,1294,3,70.54,540,1,D24237505,1
T0000815,100987,2025-03-10 03:02:28,84.33,travel,pos,in_person,0,0,0.412,38,2436,3,385.14,5483,1,D77931184,1
T0000473,100014,2024-09-20 06:09:10,114.9,healthcare,atm,in_person,1,1,0.807,31,348,5,165.68,1504,1,D43525562,1
T0000348,100725,2025-07-17 06:00:10,252.6,travel,online,in_person,1,0,0.892,44,1825,2,1.0,509,1,D96399750,0
T0000506,100267,2024-12-24 07:43:27,91.0,grocery,pos,in_person,0,0,0.867,35,977,0,218.71,8636,1,D54144142,1
T0000640,100880,2025-02-12 00:55:25,237.95,online_services,online,web,0,0,0.793,52,1557,4,130.99,4214,1,D29286995,1
T0000988,100035,2025-02-06 03:38:44,199.92,grocery,atm,mobile,1,0,0.436,58,310,2,1.0,14218,0,D85192105,0
T0000929,100651,2024-05-03 11:44:03,120.42,entertainment,pos,mobile,1,0,0.405,8,212,2,218.44,257,0,D21798660,1
T0000906,100666,2025-12-10 17:19:01,947.92,grocery,transfer,in_person,1,1,0.255,48,1209,3,327.43,2367,1,D63051763,1
T0000620,100777,2025-06-09 01:22:08,547.88,grocery,online,in_person,0,0,0.438,18,124,2,237.84,4187,1,D23140627,1
T0000856,100508,2025-05-03 05:01:07,150.29,utilities,online,in_person,1,0,0.307,53,1328,1,105.29,5043,1,D42416971,0
T0000804,100747,2025-10-19 11:59:24,208.79,restaurants,transfer,mobile,0,0,0.796,40,347,1,122.62,1320,0,D54116521,1
T0000646,100180,2025-03-25 16:30:38,130.61,gas,pos,web,0,0,0.753,68,1018,0,94.59,3171,1,D80483048,1
T0000847,100669,2025-02-12 23:36:07,2594.03,electronics,pos,in_person,1,0,0.886,78,3650,3,1.0,438,1,D95059467,1
T0000557,100798,2024-09-03 16:05:53,75.33,online_services,online,in_person,1,0,0.446,40,83,2,33.87,3218,1,D78030406,0
T0000958,100548,2025-08-01 21:28:39,1117.25,restaurants,transfer,in_person,1,0,0.261,25,90,1,48.27,2451,1,D21915767,1
T0000578,100381,2024-01-02 13:30:22,456.3,grocery,atm,in_person,0,0,0.661,0,2098,4,73.51,1452,1,D76991954,1
T0000796,100802,2025-08-05 14:25:38,132.9,travel,atm,mobile,1,0,0.557,54,68,1,259.28,8875,1,D38179566,0
T0000086,100176,2025-12-11 13:27:07,230.05,electronics,online,web,1,0,0.322,48,684,3,327.41,3555,1,D24011800,1
T0000243,100998,2025-12-29 00:02:51,30.51,online_services,transfer,in_person,1,0,0.6,34,1299,1,1.0,6643,1,D67746886,0
T0000699,100075,2025-04-12 17:16:26,65.13,gas,pos,in_person,1,0,0.634,68,727,0,289.56,12121,1,D21779055,0
T0000160,100313,2024-08-23 08:50:21,51.09,restaurants,transfer,in_person,0,0,0.686,38,6,4,10.96,10503,1,D31805738,0
T0000525,100328,2024-11-18 22:28:51,525.02,entertainment,transfer,in_person,0,0,0.586,34,67,4,191.94,1779,1,D57647268,1
T0000036,100507,2024-05-12 16:09:39,409.97,entertainment,pos,mobile,0,0,0.212,29,1109,2,236.8,411,1,D17705919,1
T0000541,100780,2024-09-30 10:23:51,32.53,restaurants,pos,mobile,1,0,0.49,44,649,2,170.86,2499,1,D64776323,0
T0000171,100226,2024-01-01 14:26:21,82.33,gas,pos,mobile,1,0,0.513,20,1521,0,39.13,1189,1,D21204041,0
T0000655,100196,2024-12-27 04:16:15,251.77,online_services,atm,mobile,1,0,0.486,27,1137,0,1.0,14321,1,D74227056,0
T0000891,100724,2024-01-25 12:36:36,70.12,travel,pos,in_person,1,0,0.62,11,1020,4,1.0,7299,1,D73451304,0
T0000858,100308,2024-12-20 07:12:19,217.56,restaurants,pos,in_person,1,0,0.587,25,954,2,430.84,10692,1,D19800922,0
T0000848,100250,2024-01-30 12:54:47,319.31,utilities,pos,web,1,0,0.735,47,3650,1,102.56,8123,1,D29711016,1
T0000945,100875,2024-05-12 20:58:18,192.56,online_services,online,mobile,1,0,0.689,39,529,1,129.78,10252,1,D74490580,0
T0000734,100374,2024-06-15 00:59:58,125.35,grocery,online,in_person,1,0,0.697,64,199,1,205.86,779,1,D61011667,1
T0000096,100593,2025-10-07 13:58:06,40.35,gas,transfer,web,0,0,0.52,34,1308,1,1.0,1431,1,D61800881,0
T0000564,100036,2024-10-04 19:11:37,74.52,online_services,pos,in_person,0,1,0.913,70,110,1,1.0,1575,1,D47841778,0
T0000241,100350,2024-12-24 20:52:29,67.41,travel,atm,in_person,1,0,0.815,3,785,2,29.63,2598,0,D16128905,0
T0000743,100400,2025-05-13 18:50:47,59.23,gas,pos,in_person,1,0,0.259,20,1426,0,143.27,1178,1,D53391199,0
T0000575,100603,2024-06-28 00:51:45,176.07,grocery,pos,in_person,1,0,0.369,52,2896,2,257.54,13957,1,D44098649,0
T0000691,100248,2024-09-07 23:53:39,196.89,restaurants,pos,in_person,1,0,0.8,15,132,1,92.79,740,0,D98728033,1
T0000461,100676,2025-11-19 10:23:10,196.86,entertainment,transfer,in_person,1,0,0.812,19,2743,0,153.51,2147,1,D33631355,1
T0000554,100014,2025-03-27 03:16:39,926.64,gas,transfer,ivr,1,0,0.785,4,3650,2,74.43,8679,1,D18772312,0
T0000889,100647,2025-11-10 10:25:05,15.62,online_services,online,in_person,1,0,0.892,6,3397,1,1.0,7108,0,D86075739,0
T0000207,100236,2024-10-14 11:02:23,69.48,travel,atm,in_person,1,0,0.622,32,852,2,157.86,1785,1,D73480283,0
T0000393,100680,2024-07-09 19:03:40,97.07,online_services,transfer,web,1,0,0.859,47,618,3,98.46,8773,0,D29796813,0
T0000795,100850,2024-06-01 04:50:01,29.72,gas,pos,web,1,0,0.668,17,244,2,438.87,4620,1,D30648799,0
T0000398,100959,2024-08-28 07:20:53,182.42,restaurants,pos,in_person,1,0,0.938,29,501,2,100.16,14116,1,D99896285,0
T0000767,100168,2024-04-15 03:22:23,160.01,entertainment,pos,in_person,1,0,0.355,17,304,1,1.0,6187,1,D46865068,0
T0000849,100813,2025-09-01 23:43:48,78.53,restaurants,pos,web,0,0,0.548,0,2449,1,255.36,1430,0,D51181963,1
T0000218,100070,2024-07-12 16:51:06,494.55,healthcare,pos,in_person,1,0,0.403,45,1047,1,90.93,8443,1,D17859195,1
T0000005,100489,2025-02-09 21:18:55,25.64,entertainment,atm,in_person,1,0,0.677,63,486,3,293.05,8362,1,D67016019,0
T0000769,100119,2024-10-03 18:19:09,46.91,entertainment,online,in_person,1,0,0.334,44,1942,3,225.0,834,0,D89341317,1
T0000643,100140,2024-06-11 08:29:31,941.45,restaurants,online,mobile,1,0,0.629,28,733,1,79.35,1950,1,D82150260,1
T0000930,100405,2025-01-22 08:06:23,158.88,gas,pos,mobile,0,0,0.459,38,934,1,145.01,5031,1,D80135039,0
T0000613,100253,2025-03-22 08:41:55,41.21,restaurants,pos,in_person,0,0,0.492,74,629,3,118.43,4982,1,D78587469,0
T0000739,100250,2025-06-03 15:05:59,34.54,utilities,online,mobile,0,0,0.813,70,954,2,145.17,413,1,D83271818,1
T0000547,100986,2024-08-22 13:39:15,178.23,restaurants,pos,in_person,1,0,0.794,44,163,3,341.99,2062,1,D21409742,1
T0000726,100326,2025-06-05 09:21:26,552.84,grocery,transfer,web,1,0,0.941,52,926,1,225.14,11181,1,D58229951,0
T0000684,100352,2024-02-17 01:39:54,92.83,restaurants,pos,in_person,1,0,0.901,43,193,3,259.84,5404,1,D43485802,0
T0000099,100867,2025-10-23 09:31:54,212.68,travel,transfer,mobile,0,1,0.232,37,2587,2,142.81,94,1,D22218425,1
T0000805,100633,2025-03-17 01:19:57,472.76,grocery,atm,mobile,0,0,0.412,51,132,2,245.9,13766,1,D17752135,1
T0000728,100085,2024-09-14 08:27:50,296.07,restaurants,online,in_person,1,0,0.266,17,156,2,242.42,6742,1,D32445800,0
T0000574,100803,2025-11-28 13:26:39,66.04,restaurants,online,web,1,0,0.349,56,247,3,348.93,7905,1,D62213065,0
T0000407,100051,2025-05-15 12:53:00,133.51,gas,transfer,web,1,0,0.341,43,2564,3,137.57,170,1,D14638370,1
T0000503,100809,2024-02-25 23:44:45,77.67,restaurants,online,mobile,0,0,0.644,37,3466,5,179.39,2421,0,D21535715,1
T0000048,100400,2025-08-22 16:31:22,181.5,electronics,pos,web,0,0,0.694,15,786,1,119.85,8614,1,D80009596,0
T0000033,100176,2024-06-27 17:36:27,93.6,restaurants,transfer,in_person,1,1,0.336,20,189,2,1.0,3556,1,D90629637,0
T0000780,100519,2024-06-19 06:27:30,45.95,travel,pos,in_person,0,0,0.523,15,1363,2,82.9,409,1,D46589433,1
T0000840,100721,2024-04-30 07:00:20,109.69,entertainment,pos,web,0,0,0.949,62,1152,1,170.57,1887,1,D23515337,1
T0000201,100876,2024-03-01 07:50:06,201.1,grocery,atm,web,1,0,0.299,41,803,4,44.89,6383,1,D13240520,0
T0000135,100305,2025-12-05 21:19:47,39.5,healthcare,pos,in_person,1,0,0.653,0,508,2,192.09,3970,1,D82486258,0
T0000028,100118,2025-12-07 07:08:47,206.21,healthcare,pos,in_person,1,0,0.383,12,827,2,229.92,251,1,D26288490,1
T0000881,100552,2025-05-16 00:52:46,181.82,gas,atm,in_person,1,0,0.429,67,2345,1,176.39,5341,1,D56128994,1
T0000231,100209,2025-04-20 07:25:09,39.76,entertainment,atm,mobile,0,0,0.371,36,621,4,107.07,5272,1,D61254624,0
T0000490,100255,2025-04-05 02:23:40,270.16,grocery,pos,mobile,0,1,0.579,0,563,1,45.0,389,0,D35150177,1
T0000773,100903,2025-07-08 06:08:34,186.74,travel,transfer,in_person,1,0,0.672,22,1165,1,298.12,10664,1,D19750266,1
T0000379,100247,2024-05-21 12:06:30,628.81,grocery,pos,mobile,0,0,0.241,19,529,4,208.85,3084,0,D40649333,1
T0000289,100908,2024-10-04 21:06:38,114.1,gas,online,web,0,0,0.801,60,218,3,78.84,2767,1,D98795328,1
T0000419,100997,2025-10-26 21:44:27,139.46,electronics,atm,in_person,0,0,0.226,42,701,3,235.39,14867,1,D93050674,0
T0000675,100052,2025-05-13 09:03:23,314.89,restaurants,transfer,mobile,1,0,0.751,0,143,3,68.78,456,1,D51445270,1
T0000392,100546,2024-11-09 01:32:33,155.85,utilities,pos,ivr,1,0,0.265,57,62,3,111.89,1441,0,D13608596,1
T0000593,100457,2025-06-27 10:50:33,764.46,online_services,online,web,1,0,0.704,34,1090,3,5.79,2747,0,D21333970,1
T0000499,100088,2024-04-02 04:30:58,24.74,entertainment,atm,web,0,0,0.323,42,2262,3,100.84,891,1,D95267046,0
T0000139,100891,2024-04-20 02:38:54,895.21,electronics,online,in_person,0,0,0.938,59,133,3,127.88,5528,1,D64196897,1
T0000063,100109,2024-11-08 23:28:44,171.83,grocery,transfer,in_person,0,0,0.493,66,339,3,112.06,126,1,D35666424,1
T0000472,100898,2024-07-29 10:24:32,102.89,restaurants,pos,in_person,0,1,0.572,18,751,1,294.88,13264,1,D28142457,0
T0000648,100223,2024-08-05 06:14:04,31.26,electronics,pos,in_person,0,0,0.519,24,3650,4,111.31,4359,1,D84453563,0
T0000129,100234,2024-01-27 10:41:34,83.45,gas,transfer,mobile,1,0,0.736,30,1941,2,50.16,17,1,D51370628,1
T0000977,100736,2025-11-07 11:45:35,401.1,entertainment,online,web,1,0,0.329,41,1246,5,81.91,679,0,D20002501,1
T0000521,100712,2024-01-28 02:21:52,61.98,online_services,transfer,web,0,0,0.799,58,2598,5,118.07,4535,0,D69704198,1
T0000839,100515,2024-11-22 22:41:06,775.61,online_services,pos,web,0,0,0.29,27,2127,2,109.9,4257,1,D73361052,1
T0000963,100757,2025-06-09 16:37:34,60.21,grocery,online,web,1,0,0.54,81,132,1,92.26,3139,1,D22622981,0
T0000065,100206,2025-09-01 18:06:02,281.49,grocery,pos,in_person,1,0,0.327,28,615,0,295.04,1844,0,D94018523,1
T0000813,100843,2025-02-11 11:38:16,186.34,utilities,pos,in_person,1,0,0.729,74,1136,3,234.66,4741,1,D11292868,1
T0000015,100558,2025-11-14 19:20:23,226.05,travel,pos,mobile,1,0,0.387,18,386,1,198.24,7,0,D63576997,1
T0000157,100328,2024-07-20 06:48:24,166.88,gas,transfer,in_person,1,0,0.22,44,1133,1,313.97,1183,0,D44435797,1
T0000041,100055,2025-02-21 00:44:37,289.72,electronics,pos,in_person,1,0,0.88,27,65,0,1.0,269,1,D82421031,0
T0000493,100841,2025-03-19 17:37:19,114.71,gas,pos,web,1,1,0.315,76,1506,2,99.16,3552,0,D62443135,1
T0000380,100619,2024-04-05 10:27:58,98.3,online_services,atm,web,1,0,0.425,37,3238,0,1.0,714,1,D19045976,0
T0000188,100603,2025-02-08 20:32:30,49.3,grocery,online,in_person,0,0,0.77,13,1085,2,219.52,2660,1,D88219623,0
T0000764,100509,2025-04-01 20:26:40,263.28,gas,online,in_person,1,0,0.511,47,3176,2,57.66,2757,0,D14358509,1
T0000217,100196,2025-07-17 04:46:46,240.88,travel,transfer,mobile,1,0,0.615,58,1598,4,1.0,957,1,D41012085,1
T0000792,100227,2024-05-19 00:23:55,48.17,online_services,online,web,1,0,0.403,0,1881,2,1.0,1032,1,D41405998,0
T0000053,100483,2024-07-22 13:48:38,39.99,online_services,pos,mobile,0,0,0.54,48,207,1,1.0,371,1,D16121337,1
T0000879,100578,2024-08-31 20:32:44,135.22,grocery,pos,mobile,1,0,0.49,24,579,2,311.13,4826,1,D30188780,0
T0000338,100543,2025-07-21 00:08:11,196.53,travel,pos,in_person,1,0,0.841,13,1103,4,1.0,919,1,D15522324,0
T0000749,100562,2025-11-04 08:29:25,106.21,travel,atm,web,1,0,0.37,59,203,3,140.9,7015,1,D18070579,0
T0000720,100928,2025-07-29 13:45:35,59.14,restaurants,online,in_person,1,0,0.548,27,11,4,68.08,5734,1,D78645106,0
T0000725,100527,2025-08-19 01:27:49,64.68,grocery,pos,web,0,0,0.324,63,1252,3,131.9,2264,1,D65068202,1
T0000296,100900,2024-10-11 23:48:19,173.97,restaurants,pos,in_person,0,0,0.908,39,2928,2,379.36,4596,1,D24326829,1
T0000702,100303,2024-09-06 03:15:30,119.04,grocery,transfer,in_person,0,0,0.391,34,231,0,5.14,16141,1,D57674906,0
T0000252,100066,2025-05-07 18:41:38,201.82,grocery,online,in_person,1,0,0.671,12,128,1,130.17,12766,1,D34574155,0
T0000727,100981,2025-05-26 20:18:26,191.39,utilities,transfer,mobile,1,1,0.445,75,184,5,200.44,1788,1,D62628945,1
T0000462,100036,2025-12-24 10:51:14,70.1,restaurants,pos,mobile,0,0,0.738,69,204,3,1.0,6338,1,D39638115,0
T0000456,100738,2025-12-05 22:48:39,171.43,entertainment,pos,mobile,1,1,0.641,24,2487,4,215.62,234,1,D14553188,1
T0000997,100139,2025-10-18 20:36:26,295.94,online_services,atm,in_person,1,0,0.466,50,55,0,1.0,246,1,D73171412,1
T0000816,100680,2024-11-05 05:54:18,196.43,utilities,transfer,in_person,1,0,0.518,53,218,0,55.29,460,0,D11159268,1
T0000863,100056,2024-08-04 03:29:56,140.81,restaurants,online,in_person,1,0,0.5,24,1400,0,243.91,4532,1,D12733134,0
T0000270,100123,2025-03-04 09:08:25,148.42,entertainment,transfer,web,0,0,0.739,41,303,2,128.91,5296,0,D52378001,1
T0000202,100294,2025-05-22 00:28:26,526.75,entertainment,online,ivr,1,0,0.916,26,267,1,38.86,1085,1,D83317430,0
T0000162,100745,2025-04-27 21:06:27,77.27,online_services,pos,in_person,1,0,0.616,75,61,3,181.75,1221,1,D91926377,1
T0000556,100508,2025-03-29 06:06:49,112.58,online_services,pos,mobile,1,0,0.803,0,1970,2,196.51,8057,1,D36523989,0
T0000730,100601,2024-11-17 04:35:26,54.19,utilities,pos,web,1,0,0.244,25,2069,1,292.7,9795,0,D17679078,0
T0000402,100425,2024-05-19 16:00:36,177.17,grocery,pos,in_person,1,0,0.447,24,2607,1,1.0,5892,1,D11811423,0
T0000703,100481,2024-07-27 20:42:42,58.69,travel,pos,in_person,1,0,0.744,34,3252,3,1.1,475,1,D50128512,0
T0000477,100685,2024-08-21 17:36:55,386.63,travel,transfer,mobile,1,0,0.73,43,540,3,71.96,5013,1,D54127726,1
T0000822,100248,2025-06-24 04:11:24,541.31,grocery,pos,web,1,0,0.803,70,35,5,61.61,3693,1,D40472401,1
T0000772,100095,2024-03-21 09:09:48,504.36,restaurants,pos,web,1,0,0.7,15,753,5,297.86,14720,0,D41345746,1
T0000106,100589,2024-03-25 22:23:07,123.36,online_services,pos,mobile,1,0,0.428,22,162,1,160.32,0,1,D32243819,1
T0000566,100789,2024-05-01 11:25:43,288.72,online_services,transfer,web,0,0,0.415,12,374,0,263.75,17943,1,D22890363,1
T0000390,100979,2025-03-15 12:08:38,41.62,restaurants,atm,in_person,1,1,0.316,8,113,3,1.0,2946,1,D65944625,0
T0000002,100961,2025-07-26 19:33:19,58.21,electronics,online,mobile,1,1,0.663,50,2773,5,65.02,4483,1,D27935410,1
T0000938,100750,2024-10-27 19:57:38,137.13,gas,atm,in_person,0,0,0.591,10,1912,1,186.29,5745,0,D69725530,1
T0000983,100029,2024-07-25 06:17:26,182.46,grocery,pos,in_person,1,0,0.54,3,161,3,1.0,2615,0,D64976077,0
T0000562,100721,2025-05-15 04:04:45,200.51,restaurants,transfer,in_person,1,0,0.852,52,574,2,109.03,1877,1,D73619121,1
T0000081,100955,2025-08-24 11:30:16,223.88,gas,online,in_person,1,1,0.674,5,987,3,1.0,1050,0,D81828943,1
T0000206,100120,2024-09-16 12:29:46,142.05,gas,atm,mobile,0,0,0.874,78,911,1,76.64,16920,1,D73114881,0
T0000035,100351,2024-04-24 01:30:12,258.37,utilities,transfer,web,1,0,0.536,41,1571,0,176.54,127,1,D67146046,1
T0000776,100775,2024-07-09 06:30:09,178.13,electronics,pos,in_person,1,0,0.626,27,1424,1,367.71,10754,0,D55014492,0
T0000509,100193,2025-03-22 11:52:54,89.69,gas,pos,in_person,1,0,0.369,18,2208,2,43.69,10183,1,D37366191,0
T0000428,100840,2024-09-29 12:05:06,698.33,travel,online,in_person,1,0,0.205,51,274,2,105.75,4691,0,D92509142,1
T0000455,100859,2025-10-08 18:16:29,157.98,entertainment,pos,web,1,0,0.574,36,418,2,68.18,3349,1,D41460761,0
T0000367,100432,2025-03-08 00:16:22,76.0,online_services,online,mobile,1,0,0.826,42,1956,3,66.42,1323,1,D78495788,1
T0000092,100326,2024-11-15 23:19:22,135.82,healthcare,pos,mobile,1,0,0.606,48,1787,3,155.49,520,0,D80282356,1
T0000340,100733,2024-12-17 00:58:01,256.69,electronics,pos,in_person,0,0,0.58,0,332,1,136.48,1544,0,D17780312,1
T0000898,100034,2024-08-11 09:14:15,68.3,healthcare,atm,mobile,0,0,0.583,43,767,4,1.0,10391,1,D72467781,0
T0000565,100023,2024-11-14 02:33:56,333.67,electronics,online,mobile,1,1,0.529,51,632,4,1.0,10742,1,D25170945,0
T0000346,100095,2025-06-15 07:02:58,23.18,gas,atm,web,1,0,0.415,20,883,2,94.27,8049,1,D30382856,0
T0000777,100492,2025-02-05 11:08:30,55.47,electronics,transfer,in_person,1,0,0.303,41,45,4,1.0,424,0,D54970791,0
T0000242,100110,2025-09-16 01:36:31,136.34,online_services,online,in_person,1,0,0.563,86,1767,5,163.75,2830,1,D85772199,1
T0000014,100214,2024-08-20 14:48:49,409.33,grocery,pos,in_person,0,0,0.889,0,171,2,1.0,5588,1,D53757572,0
T0000316,100222,2025-06-21 15:41:08,113.65,grocery,online,mobile,0,0,0.225,59,1994,1,1.0,1186,1,D61849921,1
T0000601,100733,2025-08-17 09:42:14,236.01,restaurants,pos,in_person,1,0,0.246,0,35,1,205.57,7317,1,D28460822,1
T0000388,100209,2025-01-23 23:55:51,237.88,restaurants,online,web,1,0,0.694,0,128,1,1.0,1630,1,D10832403,0
T0000274,100814,2024-06-06 04:21:13,976.38,restaurants,pos,web,1,0,0.65,65,3650,1,1.0,7869,0,D70842887,0
T0000167,100429,2024-07-21 11:36:51,343.24,gas,atm,in_person,1,1,0.892,67,3086,4,99.5,2259,1,D68294094,1
T0000841,100805,2024-06-13 18:04:29,824.32,grocery,transfer,in_person,0,0,0.509,16,640,2,125.72,5715,1,D17195190,1
T0000993,100409,2025-07-06 23:42:26,746.15,utilities,atm,in_person,1,0,0.697,26,1551,3,145.43,1016,0,D72511552,1
T0000647,100637,2025-01-02 14:15:23,258.2,grocery,online,web,0,0,0.328,0,920,5,224.38,2493,1,D44894255,1
T0000819,100623,2024-08-14 14:45:00,189.78,online_services,transfer,mobile,0,0,0.493,38,2184,0,225.25,12741,1,D15949002,1
T0000485,100169,2025-10-06 11:01:35,141.02,online_services,transfer,in_person,1,0,0.774,38,304,2,47.11,17277,1,D98355367,0
T0000981,100069,2025-06-12 15:04:13,225.21,travel,online,in_person,1,0,0.611,39,83,2,143.58,2599,1,D44429314,1
T0000505,100991,2024-07-27 23:36:55,10.3,online_services,pos,in_person,1,0,0.428,44,1726,2,131.96,1919,1,D23698532,0
T0000832,100612,2025-03-10 15:20:31,605.04,grocery,transfer,web,0,0,0.623,49,658,2,1.0,11886,1,D61690205,0
T0000244,100027,2024-12-11 09:39:08,39.63,restaurants,atm,mobile,0,0,0.443,43,91,1,48.81,1562,1,D98050725,0
T0000567,100240,2024-06-11 01:39:38,128.55,gas,pos,in_person,1,0,0.298,14,335,0,178.36,2683,1,D73797763,0
T0000876,100801,2025-07-06 04:27:57,25.46,travel,atm,mobile,1,0,0.583,31,849,0,1.0,3476,1,D44976345,0
T0000563,100043,2024-11-09 12:57:01,155.4,electronics,pos,mobile,1,0,0.862,19,3650,2,1.0,739,1,D91399105,0
T0000687,100374,2025-11-23 21:14:47,302.39,grocery,atm,in_person,1,0,0.586,19,759,2,91.61,102,1,D74906569,1
T0000190,100800,2025-01-26 15:43:21,655.79,grocery,pos,in_person,1,0,0.304,18,323,0,1.0,10235,1,D11317112,0
T0000783,100077,2025-06-21 07:32:13,748.3,travel,online,in_person,1,0,0.41,40,396,2,134.49,2982,0,D93466313,1
T0000700,100717,2025-11-29 05:45:17,123.84,restaurants,atm,in_person,0,0,0.325,21,325,4,79.51,4755,0,D34783465,1
T0000476,100105,2025-05-09 15:10:00,109.36,online_services,atm,ivr,1,0,0.919,41,416,3,7.05,2679,1,D65203565,0
T0000682,100608,2025-02-26 14:54:46,260.49,online_services,pos,in_person,1,0,0.748,53,225,3,133.56,5120,1,D48872536,1
T0000511,100062,2025-07-07 04:22:24,36.42,online_services,online,in_person,1,0,0.553,5,1209,5,112.63,3139,1,D44963188,0
T0000059,100942,2025-03-01 11:17:28,68.08,travel,pos,in_person,1,0,0.923,40,1873,1,268.65,1644,1,D71789061,1
T0000475,100656,2025-01-18 12:44:39,259.11,utilities,online,in_person,0,0,0.409,62,1486,1,136.04,412,1,D68615029,1
T0000561,100413,2025-11-17 02:17:11,139.27,grocery,online,in_person,1,1,0.948,6,1756,0,143.64,4398,1,D84880693,1
T0000857,100437,2025-12-13 13:50:34,200.92,gas,pos,web,0,1,0.697,25,530,1,1.0,2980,0,D11203585,0
T0000748,100088,2024-05-12 03:23:26,236.2,travel,pos,in_person,1,0,0.9,21,1628,3,1.0,4222,1,D85338227,0
T0000253,100182,2025-08-07 03:11:26,703.33,travel,pos,mobile,1,0,0.516,63,63,6,30.46,1662,0,D45088073,1
T0000022,100353,2025-07-24 01:16:54,80.41,restaurants,online,in_person,0,1,0.663,24,435,1,352.1,16801,0,D89838443,0
T0000314,100246,2025-12-22 06:11:38,220.32,utilities,pos,mobile,1,0,0.78,56,265,2,1.0,1659,1,D24877212,0
T0000460,100953,2025-10-18 06:32:57,145.0,travel,pos,in_person,1,0,0.297,24,2,4,74.94,1639,1,D99894139,1
T0000161,100748,2025-01-14 13:56:10,62.26,utilities,pos,ivr,1,0,0.491,17,547,4,57.92,955,0,D43890196,0
T0000277,100730,2025-06-08 14:30:36,74.68,grocery,online,web,0,0,0.903,72,99,5,142.09,2870,1,D37286196,1
T0000956,100037,2025-03-26 07:37:41,509.53,restaurants,transfer,mobile,1,0,0.935,62,135,2,72.67,6932,1,D11790325,0
T0000192,100090,2025-07-07 06:14:47,126.27,online_services,atm,in_person,1,0,0.708,33,408,4,210.55,1785,1,D33835663,1
T0000386,100573,2025-05-22 12:52:57,72.62,restaurants,pos,mobile,0,0,0.846,45,2814,1,378.74,972,1,D38791002,1
T0000806,100702,2025-07-17 23:19:50,399.41,electronics,transfer,in_person,1,0,0.712,7,2116,2,36.93,4660,1,D73464329,0
T0000414,100735,2024-11-04 12:07:41,291.34,restaurants,pos,in_person,1,0,0.446,18,350,1,1.0,1499,0,D30453203,0
T0000492,100853,2024-09-06 06:39:47,206.41,gas,transfer,in_person,1,1,0.281,43,786,0,201.57,5797,0,D38693895,1
T0000344,100454,2024-01-19 15:53:55,215.4,grocery,pos,mobile,1,0,0.541,72,2657,1,142.93,3803,1,D30125062,1
T0000770,100944,2025-08-29 14:20:46,674.27,gas,pos,web,1,0,0.215,22,36,3,1.0,1935,0,D78761859,0
T0000309,100699,2025-04-21 01:55:38,250.73,entertainment,online,in_person,1,0,0.278,29,1105,3,51.47,1079,1,D47228494,1
T0000662,100800,2025-10-02 11:31:58,146.09,healthcare,online,mobile,1,0,0.425,47,323,3,35.83,306,1,D29885087,1
T0000131,100826,2025-04-28 07:48:50,104.5,online_services,transfer,in_person,0,0,0.718,31,2734,5,1.0,2263,1,D55065105,0
T0000664,100110,2024-02-25 10:22:25,109.06,online_services,pos,web,0,0,0.219,39,1379,1,120.07,1333,0,D43571357,1
T0000872,100694,2025-05-23 01:56:55,59.91,restaurants,pos,in_person,1,1,0.81,34,88,0,91.3,632,1,D82323279,1
T0000100,100937,2025-12-13 14:35:11,65.7,gas,transfer,mobile,0,0,0.741,31,976,5,1.0,4392,1,D32892467,0
T0000373,100283,2025-12-25 10:56:55,320.9,electronics,online,mobile,1,0,0.389,34,649,4,57.81,5719,1,D87054201,1
T0000088,100070,2024-03-03 17:31:55,150.09,entertainment,atm,in_person,0,0,0.448,39,67,1,83.11,7228,0,D64263241,0
T0000459,100987,2024-09-15 03:43:28,200.29,online_services,online,web,0,1,0.658,33,2059,1,23.3,8500,1,D37150045,0
T0000331,100522,2025-06-18 16:48:36,578.31,travel,online,web,1,0,0.448,43,912,2,71.29,820,0,D17404728,1
T0000215,100669,2025-04-14 21:17:09,110.51,gas,pos,in_person,0,0,0.554,42,625,2,1.0,4483,1,D71793924,0
T0000467,100848,2024-06-24 08:11:24,113.99,online_services,online,in_person,0,0,0.628,33,517,2,103.0,223,0,D18548836,1
T0000122,100859,2025-12-13 12:31:09,174.4,grocery,pos,mobile,1,0,0.253,21,1833,2,131.36,755,1,D10004556,1
T0000615,100668,2024-05-30 12:39:51,71.81,travel,online,in_person,0,0,0.844,42,551,4,132.04,2013,1,D41536816,1
T0000021,100940,2024-05-25 15:37:42,125.67,healthcare,pos,mobile,1,0,0.572,46,2489,5,25.11,4352,0,D17562796,0
T0000701,100146,2025-11-16 16:06:49,404.1,utilities,pos,in_person,0,0,0.931,54,576,2,266.86,461,1,D75628321,1
T0000072,100791,2024-01-21 16:10:42,53.52,healthcare,online,mobile,1,0,0.449,72,199,0,262.81,462,1,D88593613,1
T0000107,100276,2024-10-15 05:44:47,63.12,grocery,pos,in_person,0,0,0.33,31,199,1,261.21,820,1,D61190168,1
T0000271,100744,2024-01-11 14:03:24,77.52,grocery,pos,mobile,0,0,0.236,47,227,2,147.26,1081,1,D75875304,1
T0000861,100218,2025-08-30 11:26:59,61.32,restaurants,transfer,ivr,1,0,0.665,34,150,1,226.59,10515,0,D98308581,0
T0000436,100682,2025-04-22 02:55:14,86.1,travel,online,in_person,0,0,0.529,32,240,3,200.74,363,1,D49057953,1
T0000103,100449,2024-09-09 11:26:44,107.7,restaurants,pos,in_person,1,0,0.243,13,3650,2,141.35,2555,1,D63839840,0
