transaction_id,customer_id,transaction_datetime,amount,merchant_category,transaction_type,channel,card_present,is_international,device_trust_score,ip_risk_score,account_age_days,txn_count_24h,avg_amount_30d,time_since_last_txn_sec,same_device_as_last,device_id,is_fraud
T0000859,100284,2024-11-04 14:27:16,130.57,online_services,online,in_person,1,0,0.602,37,648,1,200.8,2218,0,D15607588,0
T0000987,100539,2024-02-25 10:04:31,216.53,gas,online,mobile,1,1,0.733,21,1168,4,190.57,871,1,D33083610,0
T0000184,100580,2024-12-12 22:32:00,218.48,entertainment,pos,web,0,0,0.204,19,3585,2,39.82,195,0,D13918128,1
T0000503,100732,2025-04-14 04:42:12,752.27,grocery,pos,in_person,1,0,0.916,23,3650,1,1.0,429,1,D65187191,0
T0000711,100841,2024-02-09 21:43:45,61.16,healthcare,online,in_person,1,0,0.628,19,123,2,323.89,9628,1,D73361324,0
T0000693,100385,2024-06-30 00:26:01,81.7,restaurants,online,in_person,0,0,0.43,58,1661,0,176.92,2183,0,D98082513,0
T0000605,100568,2024-07-25 01:08:14,255.88,gas,pos,in_person,0,0,0.602,50,186,3,1.0,5329,1,D40729251,0
T0000654,100909,2025-01-02 22:43:16,75.91,online_services,online,mobile,0,0,0.581,42,2494,4,197.36,1730,1,D18857494,0
T0000448,100909,2024-09-10 18:10:29,56.71,gas,pos,in_person,1,0,0.679,51,196,0,237.09,1239,1,D96669084,0
T0000885,100854,2025-08-05 12:56:22,341.72,gas,online,mobile,1,0,0.725,24,513,1,269.12,2246,0,D56738708,0
T0000083,100477,2025-10-02 05:08:05,204.79,restaurants,pos,in_person,0,0,0.493,30,475,1,1.0,1462,1,D49106180,0
T0000192,100309,2025-06-25 17:45:03,599.47,utilities,online,mobile,1,0,0.629,25,3650,2,194.13,1148,0,D87640348,0
T0000761,100664,2024-02-17 22:48:38,76.61,online_services,online,web,0,0,0.542,20,54,2,166.78,3807,0,D30745872,0
T0000696,100094,2024-08-03 11:49:50,328.98,gas,atm,mobile,1,0,0.882,46,114,3,200.62,869,1,D76139691,0
T0000875,100263,2024-12-09 08:59:48,26.84,electronics,pos,web,1,0,0.505,40,647,1,1.0,643,1,D34117885,0
T0000144,100951,2024-07-17 22:23:06,330.61,gas,online,in_person,1,0,0.38,39,1905,5,211.18,6547,1,D19005091,0
T0000181,100758,2025-05-07 03:06:16,110.85,restaurants,transfer,in_person,0,0,0.626,26,964,2,320.67,393,1,D60235547,0
T0000537,100484,2025-03-21 06:38:10,212.32,online_services,transfer,in_person,1,0,0.686,0,181,3,1.0,2526,0,D52084633,0
T0000501,100203,2025-01-27 12:02:53,244.25,utilities,pos,mobile,1,0,0.294,15,1619,1,123.1,14135,1,D84248637,0
T0000524,100794,2024-04-19 02:43:37,353.44,electronics,pos,in_person,1,0,0.337,48,298,1,47.36,3921,1,D78581977,0
T0000858,100386,2024-06-30 20:13:28,243.29,online_services,transfer,in_person,1,0,0.652,9,2180,1,136.98,4777,1,D88869056,0
T0000559,100941,2025-12-21 12:22:41,56.29,travel,online,in_person,0,0,0.4,77,222,3,75.41,964,1,D65794685,0
T0000651,100741,2024-09-02 07:52:30,473.85,restaurants,transfer,mobile,1,0,0.709,44,782,0,143.66,22947,1,D25702612,0
T0000531,100796,2024-01-14 01:28:37,83.41,gas,transfer,in_person,1,0,0.387,49,1561,2,40.29,2655,1,D87249292,0
T0000262,100509,2025-10-18 13:30:00,130.71,healthcare,online,in_person,0,0,0.236,40,2857,3,72.64,3517,1,D60858590,0
T0000313,100806,2024-06-27 14:13:16,207.76,online_services,atm,in_person,0,0,0.412,58,453,0,66.52,1332,1,D88942299,0
T0000400,100538,2024-07-15 05:08:19,114.92,travel,pos,ivr,1,0,0.664,73,1018,1,215.09,27846,1,D69415022,0
T0000035,100974,2025-09-11 20:11:32,49.32,electronics,online,mobile,1,0,0.672,19,107,5,319.72,3690,0,D34567603,0
T0000229,100579,2024-10-10 03:09:48,179.71,restaurants,online,in_person,1,0,0.336,19,1015,2,1.0,3263,1,D84233187,0
T0000205,100157,2024-12-25 05:15:44,274.3,grocery,online,in_person,1,0,0.667,2,765,0,339.36,2831,0,D83969973,0
T0000937,100223,2024-02-22 13:22:45,82.57,travel,pos,ivr,1,1,0.822,4,170,1,130.71,8673,1,D73552015,0
T0000277,100260,2024-01-25 21:00:52,180.49,entertainment,transfer,mobile,1,0,0.216,28,873,3,121.15,10504,1,D22828388,0
T0000851,100981,2024-05-04 14:39:24,122.94,utilities,pos,in_person,1,0,0.661,44,1504,3,1.0,7176,1,D43280148,0
T0000123,100409,2025-11-27 07:46:25,50.01,restaurants,pos,in_person,0,0,0.305,29,734,2,306.92,3540,1,D41337695,0
T0000607,100916,2025-12-25 13:51:00,261.57,restaurants,online,in_person,0,0,0.425,45,1174,1,206.34,3531,1,D65033446,0
T0000926,100832,2024-02-14 09:29:36,342.95,gas,pos,in_person,1,1,0.912,47,719,1,312.72,403,1,D24678959,0
T0000080,100814,2025-05-01 06:41:58,96.72,gas,pos,in_person,1,0,0.825,5,1215,2,114.11,10301,0,D35933699,0
T0000120,100054,2024-09-14 11:11:48,73.01,electronics,online,web,1,0,0.428,13,780,2,59.73,13437,0,D25876188,0
T0000925,100833,2024-04-25 21:06:28,1160.85,gas,pos,in_person,1,0,0.868,0,1109,3,22.39,10440,1,D52607265,0
T0000285,100918,2025-02-12 13:38:21,271.68,electronics,online,in_person,1,0,0.77,6,857,2,237.06,1060,1,D66469836,0
T0000314,100008,2024-04-28 21:09:05,243.9,restaurants,pos,mobile,0,0,0.619,29,1243,2,159.25,2584,0,D25572583,0
T0000525,100989,2025-05-05 18:04:40,178.67,online_services,online,in_person,1,0,0.619,29,503,0,45.17,976,1,D24871342,0
T0000569,100237,2025-08-28 23:44:31,270.9,online_services,online,in_person,1,0,0.587,49,2406,3,208.35,2306,0,D91747229,0
T0000853,100132,2024-08-14 02:41:50,20.0,gas,online,ivr,1,0,0.466,35,267,1,340.25,279,1,D50897688,0
T0000294,100125,2024-08-08 11:03:13,74.41,gas,pos,in_person,1,0,0.823,49,1988,4,102.02,3928,1,D90322032,0
T0000659,100054,2025-11-27 15:41:03,685.84,restaurants,pos,in_person,1,0,0.64,34,317,1,164.64,96,0,D50662371,1
T0000016,100813,2024-04-12 15:51:46,152.0,gas,pos,in_person,1,0,0.927,39,536,3,71.22,3300,1,D26116193,0
T0000920,100377,2024-07-07 00:34:26,30.93,restaurants,online,web,1,0,0.245,47,608,2,307.16,5796,0,D82243500,0
T0000315,100115,2024-07-02 19:33:11,217.26,restaurants,online,mobile,1,0,0.418,66,563,3,97.22,1106,1,D85088159,0
T0000401,100776,2025-01-30 17:35:40,26.36,travel,atm,in_person,1,0,0.236,43,277,3,22.99,2341,1,D37926797,0
T0000905,100850,2025-11-26 22:29:12,170.14,restaurants,online,mobile,1,0,0.909,59,1256,1,103.11,1271,1,D92826641,0
T0000983,100414,2024-01-26 00:38:14,206.06,grocery,atm,in_person,1,0,0.76,48,537,3,327.01,7142,0,D75882531,0
T0000505,100941,2024-12-28 07:49:53,226.41,restaurants,pos,in_person,1,0,0.498,21,537,0,108.93,13944,1,D54613585,0
T0000350,100300,2025-05-13 12:07:30,280.71,online_services,online,in_person,1,1,0.206,19,71,1,289.57,3748,1,D39440814,0
T0000427,100707,2024-03-05 18:13:22,154.26,entertainment,online,in_person,1,0,0.639,33,78,1,53.19,6412,0,D72199890,0
T0000476,100125,2024-11-09 20:07:04,529.57,utilities,atm,mobile,1,0,0.937,65,3079,3,1.0,3440,1,D74501107,0
T0000429,100525,2024-01-30 06:12:34,46.28,restaurants,atm,in_person,1,0,0.525,25,1214,4,127.97,18250,0,D28715796,0
T0000873,100981,2024-10-17 15:00:09,669.7,utilities,online,web,0,0,0.766,26,75,0,82.37,86,1,D56780065,1
T0000599,100733,2025-05-29 23:11:17,822.55,utilities,pos,in_person,0,0,0.631,58,300,4,1.0,388,1,D26924494,0
T0000270,100838,2025-06-23 07:55:28,193.6,restaurants,online,mobile,1,1,0.477,73,1025,2,146.78,11797,1,D29334922,0
T0000112,100808,2024-02-02 20:26:08,95.02,utilities,atm,in_person,1,0,0.802,40,243,4,113.71,3267,1,D14130410,0
T0000923,100197,2024-11-02 21:12:40,182.09,entertainment,transfer,in_person,1,0,0.313,37,3650,2,20.09,901,1,D68800377,0
T0000021,100520,2025-09-13 07:23:31,592.01,healthcare,atm,web,1,0,0.537,58,1663,1,126.31,2264,1,D57585714,0
T0000941,100376,2024-05-22 10:42:38,160.96,restaurants,pos,in_person,1,0,0.911,36,727,1,75.91,1386,0,D23929663,0
T0000890,100287,2024-05-07 02:13:40,475.03,gas,online,in_person,1,0,0.945,91,2338,1,294.0,3293,0,D62889025,0
T0000129,100559,2025-09-08 18:34:54,198.05,online_services,online,in_person,0,0,0.567,76,716,3,1.0,548,1,D41901312,0
T0000536,100066,2025-12-04 13:30:04,32.66,healthcare,atm,web,1,0,0.84,40,258,0,55.79,3165,1,D64890573,0
T0000358,100297,2024-10-01 16:36:07,157.57,restaurants,atm,mobile,1,0,0.844,46,355,1,99.11,727,1,D15852855,0
T0000540,100312,2025-09-25 09:46:36,315.66,restaurants,pos,in_person,1,0,0.384,22,332,3,247.83,763,1,D40538565,0
T0000484,100467,2025-11-25 23:56:55,54.71,gas,atm,mobile,0,0,0.49,27,2194,5,156.37,18666,1,D19109206,0
T0000757,100090,2025-11-08 02:57:34,109.84,restaurants,atm,in_person,1,1,0.807,21,1047,2,12.36,2834,1,D94550376,0
T0000298,100723,2025-06-26 18:15:05,154.32,restaurants,pos,mobile,0,0,0.667,35,3133,5,86.47,1365,1,D87498939,0
T0000142,100187,2025-12-18 16:19:46,68.78,online_services,online,in_person,1,0,0.347,51,22,2,221.17,8677,1,D15698792,0
T0000833,100857,2024-05-10 05:30:55,145.67,gas,atm,in_person,1,0,0.648,41,642,1,174.95,1417,0,D42164649,0
T0000663,100174,2024-07-06 05:26:48,20.67,online_services,atm,in_person,1,0,0.933,20,377,1,225.58,3981,1,D47921481,0
T0000917,100455,2025-02-11 12:31:07,164.85,grocery,pos,web,1,0,0.89,54,1808,3,134.69,3688,0,D28566064,0
T0000618,100487,2025-03-14 08:21:06,124.11,restaurants,online,in_person,1,0,0.829,19,1136,1,51.36,6493,0,D73972111,0
T0000932,100970,2024-03-25 21:17:06,157.71,restaurants,online,in_person,1,0,0.38,17,78,3,255.04,1858,1,D77330128,0
T0000842,100057,2025-10-21 16:52:42,127.02,grocery,pos,in_person,0,0,0.944,23,231,1,170.88,3954,1,D25116564,0
T0000996,100806,2025-10-02 02:56:46,247.81,grocery,pos,in_person,1,0,0.804,32,3650,2,92.06,1057,0,D43394161,0
T0000504,100852,2025-05-15 09:37:37,173.85,travel,atm,mobile,1,0,0.447,16,69,0,1.0,4055,1,D51069269,0
T0000772,100611,2024-12-14 15:00:45,130.06,gas,pos,ivr,0,0,0.224,36,1333,2,306.75,6276,1,D28243683,0
T0000529,100644,2025-05-24 05:28:31,153.83,grocery,pos,web,1,0,0.576,35,3650,1,156.41,1428,0,D68220795,0
T0000145,100363,2024-10-31 08:22:26,679.02,grocery,online,mobile,1,0,0.495,37,1566,0,12.58,3889,1,D88730304,0
T0000070,100699,2025-08-06 00:30:00,978.93,grocery,atm,mobile,1,0,0.337,20,3537,2,1.0,54,0,D67870941,1
T0000191,100425,2025-01-21 12:48:32,546.34,healthcare,atm,in_person,0,0,0.387,32,179,0,80.4,2154,1,D28478835,0
T0000362,100626,2025-08-31 14:12:01,221.9,healthcare,pos,mobile,1,0,0.571,44,789,2,83.64,1232,1,D57898235,0
T0000360,100997,2025-12-23 12:48:52,41.4,online_services,online,mobile,1,0,0.277,37,1006,0,1.0,2775,0,D59092802,0
T0000227,100760,2025-09-12 01:54:07,1081.92,restaurants,online,web,1,1,0.65,42,3650,5,72.88,2442,1,D94666013,0
T0000457,100894,2024-09-03 23:05:45,156.45,electronics,online,in_person,1,0,0.644,66,338,3,77.91,480,1,D74734671,0
T0000542,100473,2025-10-07 04:35:23,367.95,online_services,online,in_person,1,0,0.825,54,945,5,80.35,9339,0,D34063852,0
T0000478,100248,2024-02-03 10:49:16,77.67,gas,atm,web,0,0,0.241,43,288,3,94.83,2388,0,D16671419,0
T0000784,100634,2025-03-16 18:47:28,102.87,utilities,online,ivr,1,0,0.787,65,599,4,114.24,2793,1,D88650967,0
T0000419,100830,2025-09-24 03:44:12,79.45,utilities,transfer,web,1,0,0.23,6,291,3,66.27,6362,1,D23485545,0
T0000634,100494,2024-07-21 23:05:15,233.31,grocery,atm,in_person,1,0,0.3,54,1326,1,1.0,12452,0,D24233792,0
T0000519,100263,2024-05-02 20:05:06,47.56,grocery,online,in_person,1,0,0.274,63,3027,1,154.52,3745,0,D13284261,0
T0000942,100479,2025-11-12 16:09:55,121.6,electronics,pos,in_person,0,0,0.903,26,171,0,30.0,12391,0,D36925802,0
T0000985,100430,2024-12-30 13:15:40,83.68,restaurants,pos,in_person,0,0,0.887,65,1154,3,172.08,2404,1,D66714683,0
T0000628,100135,2024-12-20 08:12:51,96.12,utilities,online,web,1,0,0.322,0,1329,0,189.76,14445,1,D21898806,0
T0000271,100385,2025-02-16 20:23:28,163.38,online_services,pos,in_person,0,0,0.802,0,688,4,154.85,5447,0,D98076547,0
T0000012,100461,2025-03-06 04:45:27,133.0,online_services,online,in_person,1,0,0.448,34,1620,3,49.88,3853,1,D24572181,0
T0000590,100587,2024-12-22 21:51:55,70.03,gas,transfer,in_person,1,1,0.306,49,2699,0,199.87,1995,1,D17794522,0
T0000779,100172,2025-05-10 23:39:18,651.65,utilities,pos,web,1,0,0.424,37,521,0,170.37,4925,1,D81512411,0
T0000383,100727,2025-01-30 10:35:11,75.77,restaurants,transfer,in_person,0,1,0.357,33,500,3,48.87,2409,1,D66557790,0
T0000215,100369,2024-11-06 23:21:53,45.67,grocery,online,ivr,1,1,0.24,31,139,2,249.97,4888,1,D61617243,0
T0000269,100632,2025-08-01 10:58:10,64.11,entertainment,online,in_person,1,1,0.479,36,189,3,1.0,3137,0,D68192954,0
T0000813,100464,2025-03-15 11:53:48,81.13,electronics,pos,web,1,0,0.475,38,208,1,175.89,11020,1,D99829494,0
T0000877,100024,2025-12-18 08:04:16,339.26,grocery,pos,in_person,1,0,0.706,0,189,0,28.64,86,1,D81918580,0
T0000250,100451,2024-07-02 22:23:39,138.91,electronics,pos,in_person,0,0,0.66,15,315,1,1.0,751,1,D64306382,0
T0000869,100188,2024-01-23 05:42:30,679.01,grocery,transfer,in_person,0,0,0.532,10,1221,3,164.96,3766,1,D94665693,0
T0000339,100040,2025-02-08 16:48:39,167.25,electronics,online,in_person,1,0,0.599,0,462,2,268.82,3428,1,D19762965,0
T0000405,100586,2025-11-29 15:14:23,877.27,gas,transfer,web,0,0,0.213,0,282,3,380.1,865,1,D52429062,1
T0000704,100087,2025-03-30 03:25:50,67.89,entertainment,transfer,in_person,1,0,0.572,52,157,2,301.05,4106,0,D92217302,0
T0000002,100922,2024-03-21 18:21:10,273.24,restaurants,pos,mobile,1,0,0.653,17,315,2,211.8,2190,0,D91585849,0
T0000289,100826,2025-05-29 00:10:16,225.09,grocery,transfer,in_person,0,0,0.244,5,21,0,52.35,2968,0,D35090965,0
T0000589,100743,2025-04-30 03:18:30,113.46,gas,pos,in_person,1,0,0.407,54,392,1,1.0,2161,1,D30727133,0
T0000018,100137,2025-02-21 18:42:16,251.39,grocery,pos,in_person,1,0,0.802,1,958,5,70.47,16592,1,D60242254,0
T0000899,100387,2025-04-13 03:49:16,180.2,restaurants,online,mobile,0,0,0.591,61,1582,2,95.8,1508,1,D96280992,0
T0000327,100995,2024-08-11 03:41:55,152.64,utilities,online,in_person,1,0,0.763,51,224,2,257.07,5100,1,D46106566,0
T0000432,100658,2024-10-29 07:08:01,136.82,entertainment,pos,web,1,0,0.645,13,510,3,162.18,2278,0,D75575865,0
T0000126,100119,2025-01-16 11:21:36,74.21,grocery,pos,in_person,1,0,0.811,9,42,2,177.23,8394,1,D44085424,0
T0000395,100417,2025-03-13 05:47:40,187.04,electronics,pos,in_person,1,0,0.594,15,488,1,1.0,18574,0,D73620083,0
T0000337,100037,2024-01-18 16:20:42,105.42,online_services,pos,mobile,1,0,0.525,38,3650,1,153.5,9388,1,D85503738,0
T0000565,100277,2024-08-13 10:58:19,20.3,online_services,pos,in_person,1,0,0.213,25,918,4,237.26,5733,0,D41991468,0
T0000646,100469,2025-07-12 04:56:07,67.26,gas,pos,in_person,1,0,0.424,0,425,3,142.13,1966,1,D22542022,0
T0000615,100735,2024-05-15 13:21:17,55.56,grocery,pos,web,1,0,0.52,1,969,4,167.5,2732,1,D50859129,0
T0000135,100231,2024-02-22 13:22:56,289.39,restaurants,online,in_person,1,0,0.894,44,91,0,203.44,1154,0,D21769728,0
T0000731,100554,2025-02-22 16:27:52,260.99,grocery,transfer,in_person,1,0,0.318,46,708,0,138.84,2082,1,D57405878,0
T0000309,100870,2025-03-28 09:51:45,608.27,restaurants,online,web,0,1,0.829,23,172,3,1.0,13722,0,D29246344,0
T0000252,100197,2025-04-14 22:01:42,689.31,grocery,transfer,web,1,1,0.258,12,795,0,27.61,1610,1,D27947611,0
T0000251,100367,2025-06-29 01:36:05,135.13,gas,online,web,1,1,0.458,53,787,1,91.15,2827,1,D33484454,0
T0000868,100842,2024-03-02 21:47:12,40.11,gas,online,web,1,0,0.291,54,1290,2,72.97,947,1,D61999713,0
T0000303,100665,2024-07-20 23:02:53,53.39,restaurants,pos,in_person,0,0,0.212,20,3338,2,210.98,2229,1,D76450893,0
T0000106,100269,2024-08-24 20:15:03,76.12,gas,online,web,1,0,0.521,42,805,1,1.0,7962,1,D31298590,0
T0000747,100694,2025-04-26 19:32:35,37.96,electronics,atm,mobile,0,1,0.582,18,1572,1,1.0,566,1,D88125785,0
T0000814,100355,2025-01-22 01:52:54,118.75,restaurants,pos,mobile,0,1,0.693,20,770,2,243.57,5368,1,D26784865,0
T0000324,100968,2024-04-22 06:37:35,84.09,travel,pos,in_person,1,0,0.829,29,1856,2,149.44,855,1,D53390748,0
T0000284,100398,2025-05-05 07:02:44,962.0,electronics,transfer,ivr,1,0,0.255,50,1018,3,92.47,3420,1,D13551644,0
T0000708,100580,2024-06-22 08:38:16,163.11,utilities,pos,web,1,0,0.633,48,1646,2,1.0,736,0,D42239628,0
T0000894,100021,2025-10-21 11:53:18,69.86,restaurants,online,in_person,1,0,0.37,29,712,1,1.0,984,0,D81382890,0
T0000311,100824,2025-11-11 00:48:41,91.17,online_services,online,web,1,0,0.58,60,1147,2,92.94,3810,0,D11041789,0
T0000572,100760,2024-09-10 19:28:29,27.59,utilities,atm,in_person,0,0,0.496,24,2362,4,69.62,1933,1,D18975784,0
T0000523,100675,2024-12-11 15:16:57,163.86,healthcare,online,in_person,0,0,0.237,45,3529,4,264.04,1681,0,D70119455,0
T0000874,100483,2024-06-19 11:10:46,299.98,grocery,online,in_person,0,0,0.935,52,652,1,186.91,19436,0,D22070056,0
T0000068,100766,2025-05-29 03:44:40,151.77,grocery,online,in_person,1,0,0.502,51,1895,2,50.1,3766,1,D72945128,0
T0000871,100855,2025-11-08 22:24:28,107.63,entertainment,transfer,in_person,0,0,0.462,24,1657,5,1.0,5152,1,D99408440,0
T0000180,100353,2025-03-26 15:34:12,239.42,utilities,transfer,in_person,0,1,0.491,35,1267,3,281.77,713,1,D28081738,0
T0000392,100922,2025-06-03 13:54:46,35.04,travel,online,ivr,1,0,0.782,52,191,3,290.08,700,1,D93256384,0
T0000092,100053,2025-08-06 11:54:49,79.85,online_services,atm,web,1,1,0.503,22,1612,2,401.01,1588,1,D57523125,0
T0000780,100607,2024-05-29 03:06:28,372.25,entertainment,pos,in_person,1,0,0.937,9,811,2,180.05,504,1,D26207909,0
T0000901,100964,2024-10-24 23:18:02,99.32,restaurants,online,mobile,0,0,0.933,61,405,0,247.93,952,1,D81201893,0
T0000320,100193,2024-06-17 09:30:43,91.49,travel,transfer,mobile,0,0,0.304,26,1486,4,356.47,753,0,D12022997,1
T0000190,100695,2025-10-09 19:51:19,73.93,online_services,online,mobile,0,0,0.432,37,920,1,198.01,2400,1,D14627408,0
T0000548,100894,2024-08-19 23:24:44,299.28,utilities,pos,in_person,1,0,0.793,1,1229,2,60.17,12253,1,D58669604,0
T0000221,100173,2024-11-13 21:04:53,153.56,gas,online,in_person,1,0,0.252,75,11,3,168.64,3604,1,D94402921,0
T0000512,100513,2024-01-20 22:42:29,41.25,entertainment,pos,mobile,0,0,0.462,21,532,2,212.75,4817,1,D90769136,0
T0000665,100049,2024-11-23 18:03:57,823.08,grocery,transfer,web,1,0,0.654,40,1305,1,137.29,2379,1,D44437797,0
T0000743,100984,2025-03-11 00:19:30,321.89,restaurants,online,in_person,1,1,0.278,68,548,1,191.32,6526,0,D56395118,0
T0000632,100307,2024-11-05 00:16:57,358.96,electronics,online,mobile,1,0,0.507,16,519,4,99.3,914,0,D15786646,1
T0000758,100036,2025-08-13 22:05:08,1618.53,entertainment,pos,in_person,1,0,0.531,66,332,2,178.64,1715,1,D11265338,0
T0000908,100122,2025-09-19 01:40:36,125.22,restaurants,pos,in_person,1,0,0.638,22,3650,4,247.2,262,1,D15231337,0
T0000391,100189,2025-06-11 05:28:21,108.86,travel,transfer,web,0,0,0.883,45,702,1,77.61,7019,1,D68325817,0
T0000827,100490,2024-08-28 15:38:59,38.15,grocery,pos,mobile,0,0,0.853,11,570,3,300.07,5334,1,D73189984,0
T0000352,100316,2025-07-17 21:40:11,99.9,gas,online,in_person,1,0,0.306,61,32,1,227.24,3781,0,D74329054,0
T0000355,100058,2024-02-08 05:53:29,93.91,travel,pos,web,1,0,0.766,38,1518,2,141.5,107,1,D92796482,0
T0000442,100498,2025-08-17 21:55:55,176.82,restaurants,pos,mobile,1,1,0.943,35,201,2,1.0,206,1,D97812004,0
T0000564,100894,2024-03-04 14:17:12,304.76,grocery,atm,in_person,1,0,0.843,0,1146,4,216.98,1093,0,D96311947,0
T0000755,100005,2024-08-26 15:44:31,281.8,online_services,pos,in_person,1,0,0.307,15,434,0,145.99,1167,0,D24369423,0
T0000428,100176,2025-12-08 08:06:18,131.8,entertainment,online,mobile,1,0,0.566,56,448,2,197.15,16655,1,D38867748,0
T0000276,100394,2025-01-23 11:04:55,144.85,restaurants,pos,in_person,1,0,0.577,36,1335,2,1.0,664,1,D39090418,0
T0000910,100682,2025-11-15 04:21:50,203.15,entertainment,transfer,in_person,0,0,0.608,15,2,2,230.45,1609,1,D80187250,0
T0000514,100431,2025-06-11 21:10:24,113.82,grocery,online,mobile,1,0,0.259,25,489,1,33.21,2782,0,D52105123,0
T0000224,100761,2025-06-17 14:54:53,510.35,gas,online,in_person,1,0,0.626,35,2058,2,296.15,875,1,D40722940,0
T0000187,100473,2024-02-18 04:27:58,345.23,electronics,online,in_person,0,1,0.678,11,359,3,220.83,6440,1,D33923099,0
T0000490,100399,2024-05-11 08:56:08,46.45,electronics,online,in_person,1,0,0.826,87,969,1,114.28,2382,1,D93767697,0
T0000748,100807,2025-08-25 19:02:55,80.58,grocery,online,in_person,1,0,0.268,63,1046,3,62.11,15319,1,D52550057,0
T0000612,100246,2025-04-11 14:32:12,68.18,restaurants,transfer,web,1,0,0.378,33,2250,4,32.49,6542,1,D69386156,0
T0000773,100358,2025-04-30 11:34:35,186.11,online_services,pos,in_person,1,0,0.95,21,279,0,135.31,7901,0,D87526767,0
T0000546,100638,2024-08-08 19:11:11,65.61,grocery,pos,in_person,1,1,0.499,23,3182,1,43.87,500,1,D84595365,0
T0000393,100754,2025-10-30 20:07:12,163.51,travel,pos,in_person,0,0,0.676,29,593,4,195.06,2265,1,D96847910,0
T0000515,100862,2024-02-06 16:43:44,175.84,utilities,atm,in_person,0,0,0.433,15,2093,3,24.74,8831,1,D53132411,0
T0000025,100865,2025-09-09 18:59:51,22.87,online_services,transfer,in_person,1,1,0.422,83,3650,3,72.33,1051,1,D32712117,0
T0000872,100931,2024-04-03 03:21:47,136.93,utilities,atm,in_person,0,0,0.36,46,435,5,146.54,2900,0,D26456100,0
T0000953,100488,2025-01-08 20:31:39,84.43,restaurants,pos,in_person,1,0,0.895,45,552,2,190.16,3368,1,D32458286,0
T0000638,100768,2025-02-02 08:41:52,88.24,online_services,online,in_person,1,0,0.653,48,419,2,34.11,3620,1,D43049921,0
T0000684,100659,2025-09-07 22:14:01,80.65,restaurants,pos,mobile,1,0,0.783,42,735,5,16.47,5528,0,D50665187,0
T0000584,100479,2025-02-18 05:28:35,140.17,restaurants,atm,web,0,1,0.288,50,1495,2,68.04,2728,1,D16070862,0
T0000222,100567,2025-06-16 16:16:45,843.75,entertainment,online,mobile,1,0,0.284,0,1030,1,203.05,2392,1,D86687858,0
T0000424,100991,2025-09-21 03:34:17,59.26,entertainment,pos,mobile,1,0,0.861,11,1199,3,311.32,1748,1,D16461828,0
T0000530,100340,2025-12-11 22:24:07,187.52,healthcare,transfer,mobile,0,0,0.215,43,2666,2,109.96,4361,0,D29206193,0
T0000164,100120,2024-03-14 15:33:18,321.17,gas,pos,in_person,0,0,0.569,27,79,2,1.0,1075,0,D24835741,0
T0000463,100436,2025-12-22 01:58:27,993.68,restaurants,pos,in_person,1,0,0.231,0,164,4,297.27,3585,1,D29037301,0
T0000189,100781,2025-03-20 02:24:40,50.11,restaurants,transfer,in_person,0,0,0.772,34,737,0,231.25,10062,1,D31506574,0
T0000440,100154,2025-06-14 03:06:31,43.77,utilities,pos,in_person,1,1,0.26,50,483,1,196.45,307,1,D99624057,0
T0000600,100145,2024-05-22 00:28:28,108.28,entertainment,pos,mobile,0,0,0.549,56,1802,0,1.0,1953,0,D75145600,0
T0000028,100936,2025-08-08 09:04:45,158.08,online_services,pos,web,1,0,0.481,17,1700,0,11.53,6066,1,D39352305,0
T0000245,100436,2024-03-09 01:31:56,168.51,electronics,pos,in_person,1,0,0.383,0,1274,2,146.76,7261,0,D16784104,0
T0000295,100688,2024-10-24 18:24:57,123.58,healthcare,online,in_person,0,0,0.702,48,3650,0,12.19,596,0,D93266318,0
T0000177,100070,2025-03-19 14:23:09,269.53,travel,transfer,in_person,0,0,0.216,41,3650,3,244.22,7,1,D64214723,1
T0000422,100209,2024-12-15 06:26:58,18.39,travel,pos,web,1,0,0.459,26,42,3,143.07,3729,1,D81399395,0
T0000148,100554,2024-08-25 15:29:24,45.93,restaurants,online,in_person,0,0,0.824,47,2133,2,289.0,421,1,D60073186,0
T0000089,100079,2024-04-03 10:41:23,12.36,electronics,atm,in_person,1,1,0.646,14,990,2,238.45,854,0,D47624205,0
T0000732,100323,2024-05-19 01:25:25,149.82,restaurants,online,in_person,0,1,0.653,32,788,2,239.26,1702,1,D62284630,0
T0000742,100298,2024-04-21 13:24:20,50.97,utilities,pos,ivr,0,1,0.567,0,367,3,10.11,450,0,D77929927,0
T0000037,100893,2025-07-30 21:54:45,29.08,entertainment,transfer,in_person,1,0,0.607,40,868,2,312.19,721,1,D46037378,0
T0000095,100745,2024-03-06 03:57:39,219.25,restaurants,online,web,1,0,0.287,20,862,1,144.68,4466,0,D38813242,0
T0000455,100886,2025-05-26 20:23:33,380.61,restaurants,pos,ivr,0,0,0.799,63,1216,2,12.87,2476,0,D98409264,0
T0000039,100850,2025-07-11 05:02:37,201.16,grocery,pos,mobile,1,0,0.344,0,1570,1,38.56,955,1,D75743620,0
T0000332,100750,2025-02-07 16:12:45,189.67,grocery,online,mobile,1,0,0.317,44,3650,4,171.21,4389,1,D10777773,0
T0000700,100774,2024-11-24 01:53:57,97.42,restaurants,online,web,1,0,0.554,5,943,5,281.97,1876,1,D54942770,0
T0000598,100493,2025-03-06 19:18:07,217.06,entertainment,transfer,in_person,1,0,0.63,27,1065,5,41.18,14203,1,D92765249,0
T0000840,100336,2024-03-19 04:25:50,53.31,online_services,pos,web,0,0,0.288,41,3650,1,118.61,4209,1,D42062546,0
T0000384,100201,2025-09-07 22:31:13,65.68,gas,pos,mobile,1,0,0.771,52,166,7,335.93,8006,1,D17314403,0
T0000648,100333,2024-01-02 09:21:13,170.78,restaurants,pos,in_person,1,0,0.498,39,2094,3,154.92,2187,1,D51191603,0
T0000986,100182,2025-12-13 04:53:00,239.25,travel,transfer,in_person,1,0,0.583,35,1635,1,28.05,136,0,D74826544,1
T0000939,100652,2024-02-10 12:00:05,45.83,electronics,transfer,web,1,0,0.561,63,2029,2,67.81,2516,0,D23461952,0
T0000846,100540,2024-07-29 13:50:24,55.95,online_services,transfer,web,1,0,0.694,27,57,0,1.0,1638,0,D18804517,0
T0000526,100698,2024-04-21 14:47:50,145.55,gas,atm,in_person,0,0,0.43,36,446,2,233.94,4100,1,D63559447,0
T0000516,100168,2024-08-23 01:23:13,176.71,restaurants,pos,in_person,1,0,0.625,18,865,0,52.08,2096,1,D65555445,0
T0000387,100047,2024-01-07 20:41:31,182.62,gas,pos,in_person,0,1,0.268,33,3650,3,199.52,3219,0,D55374405,0
T0000997,100609,2025-05-27 07:47:56,168.93,grocery,online,web,1,1,0.688,13,301,2,141.59,1617,0,D69225558,0
T0000978,100071,2025-08-15 00:07:21,182.63,restaurants,online,in_person,1,0,0.542,0,1730,1,1.0,5808,1,D77636302,0
T0000768,100375,2025-04-25 11:15:21,424.85,gas,online,in_person,0,0,0.736,0,408,3,119.75,2581,0,D59151626,0
T0000072,100133,2024-02-06 19:41:45,147.65,utilities,online,web,1,0,0.734,4,1904,1,286.23,1637,1,D18341061,0
T0000495,100548,2024-12-05 11:00:40,63.81,electronics,pos,in_person,1,0,0.456,0,3650,3,1.0,3372,1,D57184704,0
T0000581,100820,2024-02-11 23:59:17,14.4,grocery,pos,web,1,1,0.211,38,1743,2,129.04,420,0,D58357569,0
T0000048,100046,2024-03-11 17:24:42,226.82,restaurants,pos,in_person,1,0,0.861,49,3650,1,326.06,15270,1,D18426320,0
T0000030,100008,2024-11-26 10:41:03,23.44,electronics,online,in_person,1,0,0.595,60,644,1,176.38,4470,1,D62742189,0
T0000441,100598,2025-07-24 01:30:35,97.95,restaurants,online,in_person,1,1,0.59,37,1622,3,75.02,374,1,D34288270,0
T0000209,100525,2025-09-21 16:01:15,132.12,healthcare,pos,web,1,0,0.795,0,160,2,329.04,1392,1,D33903594,0
T0000940,100575,2025-07-22 04:00:26,220.57,restaurants,transfer,in_person,1,0,0.28,0,535,2,289.67,4910,1,D19499418,0
T0000539,100401,2024-02-25 02:35:46,613.36,grocery,pos,web,1,0,0.758,28,416,2,175.33,257,1,D36438479,0
T0000587,100315,2024-11-27 01:33:26,75.09,gas,pos,mobile,0,0,0.465,43,306,4,193.4,4411,1,D87603423,0
T0000058,100269,2025-05-29 19:40:41,46.51,entertainment,pos,web,1,0,0.47,59,1399,1,1.0,965,1,D33848763,0
T0000389,100680,2025-08-01 06:50:16,540.21,grocery,pos,in_person,1,0,0.617,23,332,3,277.47,4007,1,D12263599,0
T0000399,100204,2025-01-06 17:23:27,104.49,grocery,pos,web,1,0,0.48,9,671,1,14.4,4332,1,D32150060,0
T0000385,100218,2025-12-30 20:20:48,27.17,grocery,pos,web,0,0,0.457,29,743,1,169.65,2305,1,D14302358,0
T0000962,100421,2024-10-19 06:53:01,22.24,travel,atm,mobile,1,0,0.787,33,149,2,171.84,7865,1,D47678731,0
T0000567,100931,2025-06-16 16:14:25,78.0,electronics,pos,in_person,0,0,0.421,0,2603,3,221.09,188,0,D19656008,0
T0000141,100341,2025-07-10 06:28:14,153.43,utilities,online,in_person,1,0,0.363,88,2095,2,108.25,3258,1,D82110276,0
T0000911,100180,2025-05-12 01:17:38,221.42,entertainment,pos,mobile,1,0,0.68,61,1407,2,2.67,3881,1,D95592378,0
T0000566,100687,2025-05-22 06:50:11,125.26,entertainment,transfer,in_person,0,0,0.415,19,3458,4,258.04,338,1,D20094343,0
T0000893,100786,2025-12-27 07:35:41,244.2,restaurants,online,in_person,1,0,0.334,12,2340,4,12.39,6924,1,D60109828,0
T0000952,100371,2024-07-08 18:01:04,88.3,electronics,pos,in_person,0,1,0.476,60,3650,3,128.73,7580,1,D77300023,0
T0000372,100174,2025-09-03 17:32:36,113.19,utilities,online,in_person,1,0,0.39,55,236,3,327.8,569,0,D52685617,1
T0000697,100865,2025-03-07 09:05:36,27.81,travel,pos,mobile,1,0,0.318,16,1586,1,242.92,3517,0,D81741847,0
T0000104,100834,2024-02-29 00:19:50,360.78,grocery,transfer,in_person,1,0,0.499,32,1087,3,84.12,5052,0,D15115094,0
T0000535,100111,2025-12-24 11:21:26,567.49,online_services,online,in_person,0,0,0.219,58,2909,2,65.86,1881,1,D58238811,0
T0000036,100308,2025-08-06 13:15:17,32.74,online_services,transfer,web,1,1,0.931,29,646,1,83.08,5446,1,D63655122,0
T0000753,100580,2025-05-11 21:51:17,181.55,entertainment,online,in_person,1,0,0.463,47,808,3,170.02,1445,1,D42699183,0
T0000349,100671,2025-06-21 10:09:51,52.63,travel,pos,in_person,0,1,0.752,53,257,1,291.24,1536,1,D38131944,0
T0000049,100935,2024-03-06 22:28:41,260.67,gas,online,in_person,1,0,0.856,14,3297,3,282.89,4499,1,D22238810,0
T0000445,100076,2024-01-12 21:18:35,34.52,utilities,transfer,in_person,1,0,0.408,56,610,3,129.64,9177,1,D94401525,0
T0000950,100006,2024-01-20 20:23:20,76.67,online_services,atm,web,1,0,0.93,36,144,6,62.91,5130,1,D86169169,0
T0000496,100748,2025-04-07 06:01:19,118.58,gas,atm,in_person,1,0,0.378,86,90,3,207.87,747,0,D35058784,0
T0000110,100041,2024-10-11 17:01:33,750.6,entertainment,transfer,in_person,1,0,0.582,54,206,4,1.0,871,0,D53556784,0
T0000849,100783,2025-10-27 23:16:01,30.11,utilities,atm,web,1,1,0.64,20,2617,0,1.0,2750,1,D81638483,0
T0000434,100715,2024-10-27 16:38:16,322.15,restaurants,pos,in_person,1,0,0.364,31,2099,4,1.0,1476,1,D28252097,0
T0000443,100203,2025-02-11 03:45:16,500.22,utilities,atm,in_person,0,0,0.874,43,2875,3,102.07,668,0,D76896051,0
T0000149,100650,2025-02-03 09:00:34,89.74,grocery,transfer,ivr,0,0,0.371,43,3074,1,95.62,93,1,D95026879,1
T0000128,100331,2024-04-23 01:46:04,18.93,restaurants,pos,mobile,0,0,0.736,29,417,0,363.6,1081,1,D33345263,0
T0000945,100072,2024-08-15 12:34:36,82.47,gas,pos,in_person,1,0,0.837,23,1204,1,80.26,2774,1,D48052332,0
T0000510,100491,2025-05-18 10:15:39,100.14,online_services,transfer,in_person,0,0,0.823,26,1292,1,309.99,944,1,D22873503,0
T0000291,100924,2024-11-25 09:56:09,315.97,online_services,pos,mobile,1,0,0.689,16,745,3,162.74,4487,1,D97735217,0
T0000938,100007,2025-11-15 03:38:53,49.24,gas,pos,web,1,0,0.938,21,348,3,69.41,1135,1,D30568910,0
T0000446,100135,2024-03-10 19:27:58,287.12,grocery,online,in_person,1,0,0.571,22,258,0,154.64,3814,1,D73903269,0
T0000242,100830,2024-08-15 13:56:04,305.61,healthcare,transfer,in_person,1,0,0.316,74,1638,3,130.35,6831,0,D35849116,0
T0000069,100087,2024-02-13 21:02:55,374.47,healthcare,pos,in_person,0,0,0.63,30,722,0,82.06,23,0,D83839144,1
T0000855,100728,2025-05-10 16:29:28,85.51,gas,transfer,in_person,0,0,0.359,44,1790,1,38.45,5728,1,D14630799,0
T0000674,100371,2025-01-27 06:23:48,204.42,electronics,online,in_person,0,0,0.703,3,1513,1,96.09,10346,1,D36552547,0
T0000062,100195,2024-09-12 10:54:56,54.18,travel,pos,web,1,0,0.625,51,1085,1,1.0,2439,1,D91515822,0
T0000543,100072,2025-09-02 03:19:56,24.21,grocery,pos,in_person,1,0,0.946,27,1380,1,151.47,1841,1,D31750944,0
T0000286,100003,2024-01-13 21:42:48,136.5,electronics,pos,ivr,1,0,0.607,80,1056,3,419.56,2817,0,D42683561,0
T0000550,100755,2024-02-29 15:43:09,192.74,grocery,atm,in_person,1,0,0.459,22,175,2,62.77,778,0,D97752976,0
T0000720,100480,2025-02-13 14:16:36,92.58,entertainment,pos,web,0,0,0.777,32,598,1,236.55,10182,1,D19839658,0
T0000832,100920,2025-09-20 23:09:03,136.89,gas,pos,web,0,0,0.329,56,253,3,124.58,782,1,D77852963,0
T0000806,100280,2025-01-21 02:38:35,426.03,restaurants,pos,mobile,1,0,0.496,63,402,1,177.53,4239,0,D21278769,0
T0000944,100568,2025-01-10 09:23:08,104.6,restaurants,atm,mobile,1,0,0.524,0,2390,3,93.69,2092,1,D81917300,0
T0000020,100774,2025-01-10 04:17:36,107.93,grocery,pos,in_person,1,0,0.674,46,1447,1,250.97,10046,1,D29147630,0
T0000672,100962,2024-02-06 18:38:53,52.37,restaurants,pos,web,0,0,0.833,73,757,2,66.63,722,0,D92198851,0
T0000160,100283,2024-07-20 14:50:37,2091.4,restaurants,pos,mobile,1,0,0.725,63,947,6,65.83,12820,1,D71452303,0
T0000714,100901,2024-10-26 01:13:44,111.63,restaurants,pos,in_person,1,0,0.358,72,3625,4,168.3,5676,1,D94357283,0
T0000287,100466,2024-03-22 02:13:01,86.26,travel,online,mobile,0,0,0.769,5,5,4,110.55,8654,1,D33359503,0
T0000730,100348,2024-07-05 08:51:35,140.67,travel,pos,ivr,1,0,0.81,52,252,1,248.47,1942,1,D29897254,0
T0000206,100501,2024-11-03 18:35:37,270.6,gas,pos,mobile,1,0,0.62,0,1465,2,37.77,5455,1,D12801493,0
T0000420,100213,2024-07-19 04:42:26,1000.99,grocery,pos,mobile,0,0,0.462,50,512,3,69.13,9574,1,D60496388,0
T0000010,100942,2025-04-26 10:59:16,447.58,entertainment,online,mobile,1,0,0.26,25,92,2,264.01,1307,1,D80314827,0
T0000306,100542,2024-11-21 19:59:35,74.21,grocery,pos,in_person,1,0,0.779,47,1267,2,84.06,85,1,D19200521,0
T0000585,100285,2025-12-15 16:36:42,87.23,electronics,online,in_person,1,0,0.92,14,1098,0,89.41,10937,0,D94253794,0
T0000957,100195,2025-11-25 12:35:09,59.13,gas,pos,in_person,1,0,0.256,16,1862,2,462.26,2787,1,D92020591,0
T0000847,100685,2025-03-17 10:39:34,120.08,electronics,transfer,mobile,1,0,0.267,49,447,1,160.44,2602,1,D92678462,0
T0000528,100100,2024-05-14 18:19:15,97.34,online_services,atm,in_person,1,0,0.757,41,189,3,73.51,18799,1,D85623167,0
T0000346,100844,2024-07-11 06:59:57,121.09,restaurants,pos,in_person,0,0,0.888,20,1490,1,201.76,9655,1,D84573072,0
T0000551,100563,2024-05-24 09:57:46,214.2,travel,online,web,1,0,0.822,55,183,4,125.18,5698,0,D76927733,0
T0000861,100657,2025-11-30 14:36:52,120.07,travel,transfer,mobile,1,0,0.457,33,109,0,213.8,3430,1,D31814579,0
T0000022,100989,2025-05-29 05:05:57,77.23,healthcare,pos,web,0,0,0.623,17,217,1,61.46,2243,0,D35313357,0
T0000471,100435,2025-11-22 20:24:36,129.77,grocery,online,in_person,1,0,0.814,62,71,1,164.77,1326,1,D21114532,0
T0000552,100965,2024-04-17 15:24:29,108.32,restaurants,transfer,in_person,1,0,0.644,0,714,0,241.79,1613,1,D80364101,0
T0000914,100364,2025-02-01 14:06:45,82.56,restaurants,online,in_person,1,0,0.403,45,2563,1,1.0,8700,1,D84698696,0
T0000197,100924,2024-08-16 14:23:33,36.78,gas,pos,in_person,1,0,0.909,58,3650,2,130.81,1170,1,D86585265,0
T0000652,100612,2025-02-24 14:45:41,181.23,grocery,pos,in_person,0,0,0.626,0,1213,2,305.64,2744,0,D19255636,0
T0000790,100204,2024-11-23 00:57:54,551.04,grocery,atm,in_person,1,0,0.802,48,2127,2,172.41,2818,1,D52324635,0
T0000610,100693,2024-03-05 03:56:58,967.47,online_services,transfer,in_person,0,0,0.318,61,541,2,81.12,162,1,D65694981,1
T0000507,100875,2024-12-22 23:44:31,34.78,healthcare,transfer,in_person,1,0,0.785,43,2647,6,335.05,11438,1,D39642793,0
T0000848,100106,2024-10-11 08:04:06,263.8,travel,atm,in_person,1,0,0.677,31,315,0,308.77,5144,1,D75235982,0
T0000778,100101,2024-09-04 15:42:00,199.77,grocery,online,in_person,0,0,0.682,35,740,2,76.48,4520,1,D50121915,0
T0000627,100201,2025-10-14 00:37:09,106.02,gas,pos,in_person,0,0,0.306,31,156,3,234.46,3207,0,D50846710,0
T0000481,100140,2024-04-09 18:48:42,193.06,gas,pos,web,1,0,0.71,30,781,2,141.8,3355,1,D40056606,0
T0000121,100092,2024-03-13 13:43:33,141.32,entertainment,pos,in_person,1,0,0.783,32,2886,0,64.02,2747,1,D92507512,0
T0000091,100802,2025-12-14 02:59:39,598.85,travel,online,mobile,1,1,0.287,6,2558,0,130.15,415,1,D52972922,1
T0000829,100026,2025-03-15 02:53:10,312.95,travel,pos,in_person,1,0,0.645,59,146,1,53.91,1221,1,D81288006,0
T0000602,100435,2025-12-25 17:00:20,48.89,gas,atm,mobile,1,0,0.463,0,1137,1,174.77,126,1,D11526342,0
T0000046,100969,2024-10-08 06:59:15,523.84,gas,online,in_person,1,0,0.289,32,2062,3,1.0,250,1,D70073641,0
T0000381,100151,2025-11-06 10:09:39,47.52,electronics,transfer,in_person,1,0,0.298,54,1415,1,382.26,1052,1,D83964088,0
T0000710,100435,2025-07-08 13:35:00,654.4,grocery,pos,in_person,1,0,0.22,57,165,4,31.71,2283,0,D33898254,0
T0000588,100362,2025-10-10 22:27:00,733.11,entertainment,atm,mobile,1,0,0.453,31,743,1,1.76,6177,1,D29191883,0
T0000454,100209,2024-08-03 11:58:21,154.42,travel,transfer,in_person,0,0,0.587,41,877,0,198.43,7231,0,D74844795,0
T0000902,100675,2025-09-03 19:31:59,18.63,travel,atm,in_person,1,0,0.277,38,356,4,1.0,171,0,D75562593,0
T0000461,100534,2024-01-01 04:07:39,55.06,entertainment,pos,mobile,0,0,0.277,12,1253,3,199.31,3027,0,D94406371,0
T0000828,100451,2025-11-14 15:35:14,206.37,restaurants,pos,in_person,0,0,0.938,54,553,3,251.05,1085,0,D83588077,0
T0000787,100028,2025-01-22 08:09:00,269.6,travel,atm,in_person,1,0,0.386,85,748,1,106.15,1389,1,D69801274,0
T0000211,100126,2025-11-25 03:20:10,482.63,grocery,pos,in_person,1,0,0.601,18,621,0,95.97,10936,1,D38534197,0
T0000417,100173,2025-05-14 06:04:28,367.38,electronics,pos,mobile,1,0,0.513,49,1066,2,119.79,8975,0,D25250855,0
T0000237,100515,2025-03-28 04:01:17,383.31,grocery,transfer,in_person,1,0,0.734,47,1811,0,85.43,2229,1,D56100937,0
T0000402,100709,2024-11-18 01:53:54,198.5,grocery,pos,in_person,1,0,0.452,55,1186,6,293.12,8063,1,D95861872,0
T0000318,100981,2024-09-08 15:18:01,46.86,entertainment,transfer,mobile,0,0,0.555,16,207,2,83.14,519,0,D66799926,0
T0000521,100081,2024-01-08 02:22:49,98.03,gas,pos,in_person,1,0,0.238,37,950,2,1.0,1009,1,D27155947,0
T0000533,100753,2025-11-28 23:54:23,195.21,gas,atm,in_person,1,0,0.818,23,1438,2,1.0,1965,0,D16123211,0
T0000153,100501,2024-04-02 08:36:34,335.46,travel,pos,in_person,1,0,0.565,29,155,6,79.59,11613,1,D11953161,0
T0000001,100761,2024-03-01 03:50:33,184.9,healthcare,pos,in_person,0,0,0.476,16,1776,0,1.0,2875,1,D41547645,0
T0000683,100898,2024-04-27 08:49:50,96.13,utilities,online,web,1,0,0.757,8,3167,4,196.25,359,0,D84624254,0
T0000354,100514,2024-08-28 21:09:34,89.99,online_services,pos,in_person,1,0,0.776,10,197,1,257.89,7184,1,D12332612,0
T0000801,100166,2024-03-25 21:51:53,69.17,restaurants,atm,in_person,1,0,0.663,23,1583,0,167.14,1733,1,D37648912,0
T0000103,100004,2024-12-05 11:38:58,382.5,healthcare,online,in_person,0,0,0.246,28,1050,4,235.84,804,0,D69369321,1
T0000785,100585,2025-09-02 04:01:44,452.03,travel,online,in_person,1,0,0.728,29,824,2,26.16,5153,0,D25523384,0
T0000810,100660,2024-03-09 01:29:14,186.1,restaurants,pos,in_person,0,0,0.641,38,2273,2,353.22,3795,1,D89457074,0
T0000231,100753,2024-05-05 21:08:58,256.33,restaurants,online,web,0,0,0.906,0,213,3,265.37,8903,0,D80615462,0
T0000967,100404,2024-03-31 16:14:35,158.25,travel,transfer,web,1,0,0.366,30,1219,3,1.0,1321,0,D60964380,0
T0000498,100618,2025-06-12 13:09:20,94.2,restaurants,pos,mobile,1,0,0.473,0,847,3,62.16,2075,1,D20587330,0
T0000345,100355,2025-02-20 21:40:17,1252.35,gas,atm,ivr,1,0,0.761,41,591,0,1.0,386,0,D18685020,0
T0000713,100808,2024-09-18 00:29:42,295.31,electronics,atm,in_person,1,0,0.382,0,172,2,106.35,4704,1,D99569344,0
T0000364,100041,2024-11-25 03:43:50,265.1,entertainment,online,in_person,0,0,0.227,46,2128,1,127.1,3240,0,D17668178,0
T0000390,100730,2025-03-06 23:28:54,178.83,travel,pos,in_person,1,0,0.862,15,679,2,141.23,2333,1,D25802369,0
T0000906,100843,2025-09-04 21:27:20,139.82,grocery,online,in_person,0,0,0.55,33,831,3,63.62,526,1,D90317265,0
T0000669,100689,2025-04-30 17:46:41,111.75,travel,transfer,mobile,1,0,0.81,58,159,1,17.67,70,1,D66007511,0
T0000769,100224,2024-08-30 14:56:46,312.74,entertainment,transfer,mobile,1,0,0.246,12,1111,1,222.5,5569,0,D41499121,0
T0000889,100581,2024-09-27 16:03:33,36.05,electronics,pos,web,1,0,0.617,23,1109,5,143.01,486,1,D61811325,0
T0000746,100667,2025-12-05 16:33:39,39.32,grocery,pos,in_person,1,0,0.919,43,3580,0,209.31,309,1,D35612940,0
T0000151,100475,2025-02-10 11:37:17,49.21,online_services,atm,web,1,0,0.939,41,247,2,1.0,1384,0,D78601186,0
T0000991,100561,2025-03-29 17:31:38,126.8,electronics,transfer,in_person,1,0,0.242,20,94,1,1.0,2409,1,D82750978,0
T0000447,100715,2025-05-03 22:27:25,98.83,entertainment,atm,mobile,0,0,0.253,42,855,1,114.52,3405,0,D48161710,0
T0000326,100801,2025-05-21 18:46:55,417.31,travel,atm,mobile,0,1,0.596,14,528,2,39.4,536,0,D81785385,0
T0000750,100228,2025-07-24 14:13:41,224.68,healthcare,online,in_person,1,0,0.205,16,187,0,111.9,199,1,D39355909,0
T0000272,100012,2024-12-16 02:20:24,80.03,healthcare,pos,in_person,1,0,0.597,41,675,3,113.49,521,1,D67255193,0
T0000131,100450,2025-05-08 07:36:07,207.65,grocery,online,mobile,1,0,0.665,57,830,1,15.43,12025,0,D25235029,0
T0000756,100454,2025-03-21 15:07:55,929.2,travel,online,mobile,1,0,0.584,51,3650,1,376.62,3193,0,D76033475,1
T0000621,100833,2025-02-25 10:46:07,114.81,electronics,pos,in_person,1,0,0.399,31,1821,1,172.87,6670,1,D64084374,0
T0000464,100648,2025-05-10 03:57:03,65.82,online_services,pos,in_person,1,0,0.672,43,3650,1,217.41,548,0,D20486102,0
T0000538,100141,2024-11-29 12:43:17,91.19,restaurants,transfer,in_person,1,0,0.919,53,2162,3,141.02,3012,1,D34143321,0
T0000124,100300,2024-02-14 05:07:28,67.34,electronics,online,mobile,0,0,0.302,50,1760,3,270.82,95,1,D76729707,1
T0000371,100364,2024-05-16 01:36:43,240.93,grocery,atm,ivr,1,0,0.612,0,3650,1,1.0,1256,1,D57659467,0
T0000238,100739,2025-04-27 23:34:38,196.55,healthcare,online,in_person,1,0,0.585,0,3650,1,115.89,1512,0,D90671810,0
T0000946,100860,2025-12-27 20:43:46,103.55,entertainment,online,in_person,0,0,0.662,49,95,3,175.24,1393,1,D87279874,0
T0000143,100255,2025-01-30 21:19:52,41.88,utilities,pos,in_person,1,0,0.41,31,1739,0,49.33,6507,0,D29959137,0
T0000596,100815,2025-06-28 18:54:42,277.6,healthcare,transfer,in_person,1,0,0.431,46,196,1,60.35,13241,1,D51071913,0
T0000951,100568,2025-03-12 17:13:31,113.94,electronics,online,in_person,1,0,0.8,10,3650,2,133.32,1,1,D47967490,1
T0000712,100117,2024-05-22 20:43:05,166.41,online_services,pos,in_person,1,0,0.538,22,3650,2,26.67,4728,1,D20293769,0
T0000439,100080,2025-07-28 12:05:53,64.46,grocery,pos,in_person,0,0,0.808,34,137,3,161.36,5492,1,D21010739,0
T0000974,100313,2024-05-08 17:23:47,221.31,entertainment,pos,web,1,0,0.714,48,457,4,148.44,4875,1,D25555758,0
T0000064,100821,2025-07-29 14:39:30,135.6,restaurants,atm,web,1,0,0.283,57,3650,1,130.05,575,1,D57661746,0
T0000981,100072,2024-12-09 03:10:21,76.77,restaurants,transfer,ivr,1,0,0.453,36,150,1,38.39,5539,1,D30832140,0
T0000770,100313,2024-07-02 03:21:15,211.76,grocery,transfer,web,0,0,0.46,63,800,3,198.42,7531,1,D17695470,0
T0000655,100100,2024-06-18 22:26:40,807.69,electronics,pos,in_person,1,0,0.402,61,159,1,1.0,1682,1,D70746128,0
T0000740,100006,2024-05-27 00:04:50,424.79,grocery,online,in_person,1,0,0.509,42,2890,4,130.5,7523,1,D35444693,0
T0000449,100157,2024-05-25 05:45:23,65.27,restaurants,transfer,ivr,0,0,0.481,65,481,1,116.79,635,0,D48483868,0
T0000065,100774,2025-11-29 12:25:48,174.65,grocery,pos,in_person,0,0,0.241,53,1460,1,133.71,11735,0,D12404847,0
T0000013,100854,2025-08-10 23:50:07,89.99,travel,pos,in_person,1,0,0.804,6,263,1,372.46,7426,1,D68774634,0
T0000467,100775,2024-06-24 21:42:21,374.43,utilities,pos,mobile,0,0,0.925,18,1684,1,264.51,106,1,D24058924,1
T0000257,100503,2025-02-14 02:01:44,522.39,grocery,transfer,mobile,1,0,0.691,43,2899,4,414.45,7160,1,D23006820,0
T0000375,100830,2025-09-22 14:21:43,70.91,utilities,online,in_person,1,0,0.373,0,122,0,193.41,21382,1,D11803293,0
T0000480,100155,2025-11-02 08:59:40,453.56,entertainment,pos,mobile,1,0,0.581,30,1144,0,1.0,13256,1,D26485420,0
T0000050,100787,2025-02-12 16:35:04,88.71,online_services,pos,in_person,0,0,0.812,22,807,4,135.41,2826,0,D95114402,0
T0000582,100658,2024-06-25 11:09:35,138.48,entertainment,online,in_person,1,0,0.83,16,2591,3,198.47,9705,1,D70526209,0
T0000122,100077,2024-10-30 01:38:38,37.45,gas,pos,in_person,1,0,0.479,46,824,3,49.52,12800,0,D23095863,0
T0000921,100388,2025-12-29 22:26:58,127.95,utilities,pos,web,1,0,0.68,42,540,2,1.0,7561,1,D92707930,0
T0000561,100584,2025-08-17 17:49:37,93.65,entertainment,online,web,0,0,0.417,54,3215,1,234.35,4046,1,D15825041,0
T0000721,100550,2025-03-01 11:04:18,270.25,online_services,pos,in_person,0,0,0.382,32,843,3,59.35,2506,1,D68536553,0
T0000343,100052,2025-09-23 04:31:02,59.75,online_services,pos,in_person,1,0,0.811,45,779,1,200.99,2578,1,D36816644,0
T0000560,100937,2025-10-07 17:19:23,488.06,electronics,atm,ivr,1,0,0.827,20,1956,2,251.47,8108,0,D51430008,0
T0000203,100644,2025-05-13 16:12:05,22.09,restaurants,atm,mobile,0,0,0.219,22,834,3,247.08,15106,0,D33572541,0
T0000333,100639,2025-04-12 20:00:33,477.11,travel,pos,in_person,1,0,0.334,49,612,3,124.8,4518,1,D67289876,0
T0000876,100284,2025-12-17 04:10:09,101.82,grocery,transfer,in_person,1,0,0.313,21,2572,0,144.6,1310,1,D81765229,0
T0000825,100033,2024-05-08 07:37:52,126.77,grocery,pos,in_person,1,0,0.703,37,921,0,139.65,732,1,D19226040,0
T0000292,100753,2025-09-14 23:40:07,165.45,restaurants,online,web,0,0,0.516,1,122,4,33.67,5551,1,D14748539,0
T0000094,100548,2025-06-07 21:38:40,56.51,travel,transfer,mobile,0,0,0.273,46,706,1,192.55,10486,1,D36356321,0
T0000676,100349,2024-02-24 11:04:45,280.04,utilities,online,mobile,1,0,0.91,21,200,1,122.07,1574,1,D67368083,0
T0000776,100730,2025-02-14 09:53:08,125.21,restaurants,online,web,1,0,0.598,14,270,3,108.83,10806,1,D25355367,0
T0000186,100710,2025-11-02 21:21:39,196.64,healthcare,pos,in_person,1,0,0.755,24,571,1,57.13,7431,1,D71306205,0
T0000508,100379,2024-09-16 00:35:15,57.27,grocery,pos,web,1,0,0.9,63,200,4,98.08,7394,1,D61473382,0
T0000137,100977,2025-03-03 01:42:56,247.53,grocery,online,in_person,1,0,0.761,30,2,1,1.0,5117,1,D66160725,0
T0000283,100707,2024-03-07 06:13:33,98.48,utilities,online,mobile,1,0,0.327,48,756,1,1.0,752,1,D13936547,0
T0000179,100343,2024-01-13 14:13:46,124.19,healthcare,online,in_person,1,1,0.903,18,614,1,246.57,11038,1,D63277359,0
T0000175,100268,2024-05-18 16:54:00,437.61,utilities,pos,web,1,0,0.498,18,1585,0,38.9,5312,1,D20594257,0
T0000465,100931,2025-07-04 23:13:42,633.16,gas,pos,mobile,0,0,0.388,68,108,1,68.53,5856,1,D21725619,0
T0000918,100523,2025-09-19 15:55:25,329.9,healthcare,atm,in_person,1,0,0.696,66,1146,1,153.71,3643,1,D28415101,0
T0000679,100212,2024-02-25 13:44:38,279.59,online_services,online,in_person,1,0,0.62,39,185,4,32.82,2261,0,D39176500,0
T0000880,100226,2024-05-06 07:34:15,19.19,grocery,transfer,mobile,0,0,0.681,76,190,0,1.0,2040,1,D60791423,0
T0000992,100236,2024-07-11 01:30:02,192.93,restaurants,transfer,web,1,0,0.371,18,93,1,139.38,1135,1,D64755690,0
T0000824,100412,2025-03-24 07:27:36,29.56,grocery,online,mobile,1,0,0.878,28,1636,3,112.37,23944,1,D74679527,0
T0000274,100198,2025-03-19 02:00:36,84.47,entertainment,pos,ivr,1,0,0.505,28,155,5,103.89,33,1,D24490029,0
T0000597,100671,2025-04-10 17:42:48,334.29,travel,atm,web,0,0,0.401,0,2556,4,46.93,9518,1,D68303926,0
T0000235,100884,2025-08-12 19:54:52,109.22,utilities,transfer,in_person,1,0,0.633,48,43,3,214.5,4633,1,D92057481,0
T0000246,100453,2024-03-25 03:28:08,55.63,healthcare,online,in_person,0,0,0.261,5,1601,1,52.46,4460,1,D39743875,0
T0000312,100843,2024-09-24 11:43:24,110.78,electronics,pos,mobile,1,1,0.718,41,744,1,226.78,1221,1,D32227024,0
T0000802,100953,2024-05-15 00:04:28,150.63,entertainment,transfer,in_person,0,0,0.374,23,382,3,1.0,2225,1,D51065135,0
T0000767,100811,2025-07-31 03:42:33,2522.58,grocery,online,in_person,1,0,0.484,30,839,3,1.0,1067,1,D15728296,0
T0000595,100649,2025-12-30 02:10:22,165.63,online_services,pos,mobile,0,0,0.284,44,118,3,13.57,1648,1,D38332499,0
T0000456,100666,2025-05-21 16:07:57,75.52,electronics,online,mobile,1,0,0.898,57,953,2,233.95,27868,0,D95738438,0
T0000970,100471,2025-11-11 16:12:05,318.77,online_services,pos,in_person,0,0,0.29,19,343,3,168.22,8037,1,D24457321,0
T0000682,100519,2024-03-16 13:45:28,49.6,grocery,online,ivr,1,0,0.756,20,730,2,63.4,6212,1,D15452911,0
T0000734,100192,2025-09-28 19:27:02,88.68,restaurants,pos,web,1,0,0.889,33,1202,2,69.49,15651,1,D47139412,0
T0000219,100176,2024-04-18 01:02:54,77.25,online_services,transfer,in_person,1,0,0.897,24,576,0,1.0,6914,1,D15418477,0
T0000477,100833,2024-04-01 01:10:24,623.92,utilities,online,in_person,0,0,0.538,2,956,1,261.01,1282,1,D59269896,1
T0000718,100735,2024-09-21 09:34:12,145.9,online_services,pos,ivr,1,0,0.316,22,2089,2,436.09,6419,1,D10790283,0
T0000724,100166,2025-12-16 14:28:12,454.01,travel,online,in_person,1,0,0.574,24,343,5,172.07,11141,0,D76022383,0
T0000691,100294,2025-07-06 11:03:25,309.36,electronics,pos,web,1,0,0.759,27,721,0,1.0,3208,1,D62281344,0
T0000335,100590,2025-11-01 22:00:42,151.27,grocery,atm,in_person,0,1,0.287,61,897,2,230.99,2357,1,D38247178,0
T0000234,100613,2025-02-11 23:00:33,102.14,electronics,pos,in_person,0,0,0.206,18,1699,0,138.32,2705,0,D58123869,0
T0000166,100078,2024-10-24 20:00:15,288.47,travel,transfer,mobile,1,0,0.94,40,141,1,104.15,3844,1,D23361544,0
T0000677,100239,2024-01-17 08:14:11,914.74,restaurants,online,in_person,1,0,0.568,47,3650,4,29.41,808,1,D71423531,0
T0000506,100085,2025-05-26 04:52:34,174.79,grocery,pos,in_person,1,0,0.465,74,896,2,1.0,4988,1,D53823354,0
T0000990,100692,2024-07-28 17:16:46,118.03,gas,online,in_person,1,0,0.931,0,1331,2,229.7,3357,1,D62844026,0
T0000386,100721,2024-10-06 08:15:55,213.64,entertainment,atm,mobile,0,0,0.834,11,392,2,75.53,9102,1,D86038308,0
T0000396,100944,2024-09-25 16:55:42,25.72,restaurants,online,in_person,0,0,0.239,0,2286,3,73.05,1839,1,D97402792,0
T0000146,100370,2024-09-17 02:36:48,67.41,restaurants,atm,in_person,1,0,0.284,0,191,0,69.14,186,1,D32874022,0
T0000936,100450,2025-03-16 09:09:50,41.22,travel,atm,in_person,0,0,0.723,30,1601,3,37.89,14553,1,D41987241,0
T0000469,100938,2024-07-11 19:48:31,197.42,online_services,online,ivr,0,0,0.463,27,158,4,43.33,9043,1,D20030833,0
T0000243,100975,2025-06-05 12:45:43,55.71,online_services,online,in_person,1,0,0.207,44,8,1,284.15,4383,0,D55857677,0
T0000735,100138,2024-06-17 23:27:25,18.32,utilities,online,in_person,0,0,0.79,7,146,5,236.15,10977,1,D82329476,0
T0000491,100817,2025-11-03 21:42:01,217.34,grocery,pos,in_person,1,0,0.542,23,411,5,233.01,7385,1,D27121304,0
T0000835,100632,2024-03-17 22:52:49,117.05,restaurants,online,web,1,0,0.736,32,488,2,1.0,2921,1,D60173131,0
T0000247,100186,2024-05-10 22:20:16,94.17,gas,pos,mobile,1,1,0.846,31,1215,2,267.73,3297,1,D45122602,0
T0000499,100896,2024-02-18 16:49:41,85.03,electronics,pos,in_person,1,0,0.503,52,101,2,251.9,4161,1,D66407713,0
T0000575,100171,2024-12-09 00:39:47,182.7,restaurants,transfer,in_person,1,0,0.945,0,3319,0,163.97,4635,1,D80685738,0
T0000217,100541,2024-12-30 00:44:38,54.88,entertainment,pos,mobile,1,0,0.844,53,244,2,1.0,596,1,D73350074,0
T0000966,100074,2025-01-02 13:11:44,127.51,grocery,online,in_person,1,0,0.452,67,1209,4,25.52,3443,0,D60034241,0
T0000370,100448,2024-08-31 03:38:52,82.29,restaurants,pos,in_person,0,0,0.275,52,308,3,74.54,4459,1,D82045365,0
T0000670,100811,2025-01-30 15:37:56,617.86,travel,online,mobile,1,0,0.315,0,437,2,334.8,4735,0,D30506098,0
T0000004,100656,2024-01-20 03:51:23,65.51,entertainment,online,in_person,1,0,0.276,23,495,1,70.46,1800,0,D66047958,0
T0000703,100999,2024-10-07 23:16:30,27.02,gas,pos,in_person,0,0,0.733,31,3213,4,239.33,2285,1,D82900065,0
T0000741,100221,2025-06-14 11:36:32,84.64,grocery,pos,mobile,1,0,0.321,91,404,1,234.35,594,1,D84265279,0
T0000063,100918,2024-06-22 02:49:33,91.02,gas,online,web,1,0,0.577,6,3516,1,1.0,1411,0,D38255070,0
T0000043,100588,2025-01-06 08:33:30,316.87,grocery,pos,mobile,1,0,0.276,51,334,1,68.75,672,0,D95372094,0
T0000452,100760,2024-12-29 05:09:23,559.49,gas,pos,web,1,0,0.592,28,278,4,1.0,7489,1,D51199453,0
T0000680,100625,2024-05-17 14:59:00,66.82,grocery,pos,mobile,1,0,0.753,31,295,3,152.74,7251,1,D35939721,0
T0000060,100527,2024-10-23 04:34:58,157.64,gas,pos,in_person,1,0,0.888,23,463,3,6.09,1141,1,D18001625,0
T0000821,100220,2024-09-17 02:11:49,219.23,grocery,pos,in_person,0,0,0.693,44,536,5,142.55,3105,1,D68299539,0
T0000430,100070,2024-09-30 00:19:34,55.83,online_services,atm,mobile,1,0,0.779,12,200,3,1.0,3770,1,D43441639,0
T0000609,100330,2024-05-02 11:39:56,49.64,healthcare,online,ivr,1,0,0.806,37,1366,3,156.42,4275,1,D62942051,0
T0000218,100338,2025-10-30 23:21:14,175.01,grocery,atm,in_person,0,0,0.733,46,2711,0,144.54,1640,0,D81975225,0
T0000623,100229,2024-04-19 11:37:27,193.24,gas,online,mobile,1,1,0.781,35,1575,1,85.11,2977,0,D85367410,0
T0000984,100448,2025-10-31 09:22:06,24.15,grocery,online,in_person,1,0,0.725,38,1654,1,43.71,5705,1,D27068027,0
T0000486,100075,2024-07-03 14:12:21,295.46,gas,online,mobile,0,0,0.719,34,52,1,1.0,14388,1,D19376197,0
T0000336,100330,2025-09-18 12:01:57,383.62,electronics,pos,in_person,0,0,0.761,50,1231,2,1.0,1896,1,D99914123,0
T0000173,100471,2024-02-16 08:18:41,25.72,entertainment,atm,mobile,1,0,0.505,28,1975,1,149.21,961,1,D11676222,0
T0000570,100175,2024-06-29 16:14:20,95.78,online_services,online,mobile,0,0,0.41,51,1981,2,234.9,308,1,D74606395,1
T0000138,100214,2025-10-28 05:18:36,284.33,restaurants,online,web,1,1,0.647,62,3650,2,13.58,3839,1,D64495740,0
T0000114,100328,2024-05-06 03:31:37,153.22,restaurants,atm,in_person,1,0,0.407,21,1283,1,237.88,609,0,D13012699,0
T0000692,100306,2025-05-08 19:55:16,319.67,restaurants,atm,in_person,1,0,0.28,59,3250,0,131.58,25,1,D25407616,1
T0000642,100741,2024-01-07 17:36:06,1330.13,online_services,transfer,in_person,1,1,0.811,28,606,2,11.26,565,1,D87379195,0
T0000207,100596,2025-09-25 18:23:20,319.22,grocery,atm,mobile,1,0,0.828,33,1495,1,100.06,11942,1,D19025503,0
T0000706,100066,2024-10-10 13:16:55,31.65,travel,pos,in_person,1,0,0.873,47,357,3,102.0,5303,1,D49939897,0
T0000788,100924,2024-02-20 07:33:38,31.95,gas,pos,in_person,1,0,0.632,2,510,2,175.94,5976,1,D30562443,0
T0000288,100372,2025-07-14 20:18:15,236.82,grocery,atm,in_person,1,1,0.354,37,2825,4,184.6,19764,1,D15970041,0
T0000678,100251,2024-02-10 18:34:50,903.54,gas,atm,web,0,0,0.362,0,3650,2,190.76,24,1,D46669657,1
T0000410,100240,2024-02-03 19:56:31,145.87,healthcare,pos,web,0,0,0.215,63,1026,3,182.98,4033,1,D92370327,0
T0000319,100546,2025-11-22 02:50:58,40.42,gas,online,in_person,1,0,0.235,20,1686,0,1.0,3972,1,D20567021,0
T0000900,100781,2024-03-29 05:54:31,785.99,utilities,pos,in_person,1,0,0.891,36,3650,1,137.63,5270,1,D46702527,0
T0000625,100533,2025-04-24 19:01:38,109.62,restaurants,online,in_person,1,1,0.601,30,2329,5,93.25,2434,1,D95500932,0
T0000774,100096,2024-07-21 10:08:59,119.78,travel,online,in_person,0,0,0.926,61,1778,2,228.16,1798,0,D99795977,0
T0000097,100748,2025-07-24 13:49:42,154.18,electronics,online,web,0,1,0.862,46,1246,1,12.19,5853,1,D46323516,0
T0000366,100907,2025-12-09 04:35:56,191.96,electronics,online,in_person,1,0,0.476,39,515,2,124.97,4292,0,D45413697,0
T0000239,100359,2025-09-12 06:39:34,1429.09,online_services,online,in_person,0,1,0.935,40,1075,5,40.87,4241,1,D98121128,0
T0000232,100997,2025-07-18 10:23:06,105.56,electronics,transfer,in_person,1,0,0.745,57,531,2,125.4,5964,1,D85426161,0
T0000397,100194,2025-02-03 23:33:17,451.2,healthcare,online,in_person,0,0,0.693,27,1385,0,168.34,2274,1,D73115258,0
T0000817,100947,2024-01-31 10:55:47,374.63,healthcare,atm,in_person,0,0,0.914,38,210,1,1.0,5454,1,D46832241,0
T0000891,100109,2024-12-14 17:34:53,192.98,electronics,transfer,mobile,1,0,0.585,60,3650,5,238.17,1674,1,D13732291,0
T0000520,100325,2025-10-04 06:00:55,113.54,electronics,atm,mobile,1,0,0.406,38,1928,1,1.0,6021,0,D43694544,0
T0000261,100351,2025-05-27 18:32:45,353.3,grocery,online,web,0,0,0.473,0,1357,5,290.68,5722,0,D88763644,0
T0000745,100491,2024-05-11 19:35:37,180.84,online_services,pos,in_person,1,0,0.655,48,716,2,136.24,455,0,D26744796,0
T0000451,100215,2025-01-18 07:06:36,30.24,grocery,atm,mobile,1,1,0.943,55,1057,2,1.0,321,1,D88646212,0
T0000140,100006,2025-05-27 02:22:15,245.95,grocery,pos,in_person,1,0,0.799,20,611,1,310.56,1528,1,D12406442,0
T0000236,100527,2025-06-22 10:44:59,81.79,entertainment,pos,in_person,1,0,0.625,72,794,4,50.91,2292,0,D20435127,0
T0000882,100059,2024-12-06 17:31:51,163.9,restaurants,pos,mobile,1,0,0.656,66,1714,2,34.0,2533,1,D18121563,0
T0000633,100362,2024-07-28 22:43:49,215.68,online_services,pos,in_person,1,0,0.294,17,849,1,4.8,821,1,D70876215,0
T0000374,100922,2024-01-19 16:35:41,401.53,healthcare,online,web,1,1,0.757,58,843,0,270.88,515,1,D73329322,1
T0000045,100331,2025-03-06 17:49:31,49.96,entertainment,pos,in_person,1,0,0.522,33,2106,3,67.9,635,1,D19515284,0
T0000056,100177,2024-10-10 13:56:43,50.66,restaurants,pos,in_person,1,1,0.499,26,1765,3,142.24,1760,1,D39947442,0
T0000299,100898,2025-10-24 13:01:07,590.81,grocery,pos,web,1,0,0.624,66,982,4,100.96,4868,1,D67840288,0
T0000645,100708,2024-08-05 03:12:41,327.88,healthcare,online,in_person,0,0,0.344,37,1292,1,90.92,3911,0,D28097117,0
T0000995,100445,2024-05-26 00:16:38,110.69,entertainment,atm,in_person,0,0,0.542,75,798,3,135.53,4078,0,D61770787,0
T0000639,100619,2025-07-26 21:27:47,66.84,online_services,online,in_person,1,0,0.437,56,920,2,87.22,2382,1,D87566151,0
T0000579,100962,2024-09-14 12:55:01,66.0,healthcare,online,web,0,0,0.866,33,3169,2,163.06,1579,1,D59028599,0
T0000737,100575,2025-07-23 17:30:24,240.47,online_services,pos,mobile,0,0,0.658,22,2020,1,1.0,508,0,D22776648,0
T0000139,100375,2025-11-16 14:05:51,120.82,online_services,online,in_person,0,0,0.451,46,865,2,250.16,11805,1,D25712402,0
T0000407,100776,2025-06-27 20:57:54,284.71,grocery,online,in_person,1,0,0.55,14,907,2,1.0,3082,0,D90973437,0
T0000826,100839,2024-09-12 11:49:41,202.75,online_services,online,in_person,1,0,0.636,13,1774,1,56.35,487,0,D86534483,0
T0000690,100934,2025-04-25 01:05:37,262.87,utilities,atm,in_person,1,0,0.418,55,996,2,228.49,2551,1,D82084051,0
T0000167,100905,2024-10-28 06:09:06,240.24,electronics,transfer,mobile,1,0,0.763,50,1853,2,74.04,1739,0,D67553392,0
T0000361,100053,2024-03-08 06:17:27,135.45,online_services,online,in_person,0,0,0.883,33,885,3,289.08,1664,0,D23261132,0
T0000331,100042,2025-04-17 14:40:17,228.39,utilities,pos,mobile,1,0,0.302,41,872,3,108.62,1166,0,D24927909,0
T0000348,100684,2024-01-16 04:22:01,367.91,restaurants,pos,in_person,1,0,0.716,76,1058,2,1.0,1039,0,D38130358,0
T0000594,100951,2025-12-30 17:03:22,790.98,electronics,transfer,ivr,0,0,0.943,24,2894,1,168.95,207,1,D62833478,1
T0000118,100045,2025-05-03 12:31:01,46.42,electronics,pos,in_person,1,0,0.459,51,154,4,158.76,4981,1,D70463968,0
T0000316,100606,2025-12-15 16:19:28,532.31,healthcare,online,mobile,1,0,0.796,0,1707,2,1.0,2901,0,D25397573,0
T0000915,100238,2024-09-18 05:45:34,286.05,healthcare,pos,in_person,0,0,0.549,47,2317,5,61.22,1193,0,D75831777,0
T0000573,100884,2025-09-17 10:12:34,90.62,restaurants,pos,mobile,1,0,0.723,31,1287,3,125.63,11045,1,D42603846,0
T0000656,100596,2025-03-14 06:43:07,144.03,grocery,pos,web,1,0,0.355,44,2202,3,32.42,6552,0,D87947314,0
T0000927,100557,2025-05-09 19:29:57,170.24,entertainment,pos,in_person,1,0,0.762,31,809,5,226.95,1690,1,D67111739,0
T0000193,100834,2025-04-18 07:37:30,242.93,grocery,pos,web,0,0,0.204,47,578,0,124.3,3624,1,D86796246,0
T0000230,100118,2024-12-14 06:01:59,456.0,grocery,online,in_person,1,0,0.788,44,861,4,115.62,2360,1,D27887093,0
T0000426,100604,2024-05-22 18:25:22,79.77,online_services,online,ivr,1,0,0.88,31,2949,2,11.24,4981,1,D55079594,0
T0000367,100134,2024-01-22 07:12:56,431.18,gas,transfer,web,1,0,0.346,44,914,3,1.0,2226,1,D66770099,0
T0000003,100625,2024-11-20 22:33:26,87.62,healthcare,online,in_person,1,1,0.948,20,2028,3,205.2,235,1,D44733827,0
T0000580,100537,2025-08-05 09:35:24,53.4,utilities,pos,mobile,1,0,0.646,17,948,4,317.68,74,0,D56222101,1
T0000404,100734,2025-07-18 00:27:13,53.66,restaurants,pos,in_person,1,0,0.776,72,3650,2,130.3,2864,1,D93503461,0
T0000611,100154,2025-05-12 03:21:51,73.24,entertainment,pos,in_person,0,0,0.207,0,318,2,57.29,265,0,D46196880,0
T0000578,100213,2024-09-26 20:59:16,170.8,electronics,pos,in_person,0,0,0.626,77,2733,2,208.68,689,0,D22685553,1
T0000614,100664,2025-12-09 08:06:34,224.33,entertainment,atm,mobile,1,1,0.251,53,1942,1,81.73,14335,1,D52944255,0
T0000568,100544,2024-09-01 07:56:05,130.4,online_services,pos,in_person,1,0,0.64,15,1199,3,36.79,9942,0,D27603083,0
T0000264,100601,2024-01-15 06:22:04,66.85,online_services,transfer,mobile,1,0,0.886,67,449,1,64.72,1288,1,D99984482,0
T0000323,100957,2024-06-04 13:59:09,381.39,electronics,online,in_person,1,1,0.853,54,3650,2,210.96,260,1,D38084896,1
T0000764,100149,2025-06-10 00:45:27,70.07,online_services,transfer,in_person,1,0,0.506,0,147,5,102.55,620,0,D75214285,0
T0000351,100664,2024-01-25 12:31:24,111.76,grocery,pos,ivr,1,0,0.796,0,2518,1,160.64,4416,1,D78250297,0
T0000061,100819,2025-05-26 23:24:51,464.03,travel,pos,in_person,1,0,0.266,52,3143,2,127.22,10010,0,D86576481,0
T0000334,100284,2025-10-23 21:39:03,204.99,travel,pos,web,1,0,0.947,28,1017,4,101.53,1169,1,D55684081,0
T0000171,100615,2025-11-22 02:51:39,63.37,electronics,online,web,0,1,0.862,45,3650,2,1.0,2903,1,D77709779,0
T0000196,100798,2024-05-02 10:30:07,273.08,entertainment,online,in_person,1,0,0.744,87,716,8,256.02,752,1,D15030018,0
T0000406,100493,2024-10-30 13:41:43,596.09,utilities,pos,in_person,0,0,0.561,47,881,2,1.0,12898,1,D73145338,0
T0000971,100709,2024-10-29 13:10:46,393.4,grocery,atm,in_person,0,0,0.423,36,2122,6,139.31,1945,0,D42500221,0
T0000340,100872,2025-11-04 10:37:56,153.14,online_services,pos,in_person,1,1,0.65,61,10,3,132.04,203,1,D48220950,0
T0000113,100305,2025-06-24 18:39:49,25.06,entertainment,online,web,0,0,0.936,41,696,2,87.96,4024,1,D54801839,0
T0000723,100162,2025-03-11 10:55:31,27.35,gas,online,in_person,1,1,0.634,29,555,3,1.0,6743,0,D28936922,0
T0000258,100408,2024-05-02 19:09:36,57.42,restaurants,online,web,1,0,0.609,0,1691,2,177.05,787,1,D86978488,0
T0000716,100451,2024-02-04 04:31:27,97.4,healthcare,transfer,in_person,1,0,0.52,50,1642,1,105.94,2528,1,D11172277,0
T0000051,100309,2024-12-19 02:39:58,91.87,travel,pos,in_person,1,0,0.759,42,207,3,123.45,1093,0,D31966796,0
T0000483,100947,2025-12-10 13:15:52,258.63,online_services,transfer,in_person,0,0,0.23,54,517,0,248.74,7682,1,D28162707,0
T0000857,100822,2025-04-29 03:09:50,119.58,travel,pos,mobile,0,0,0.506,6,279,0,51.05,4735,0,D81399262,0
T0000909,100464,2025-04-26 08:37:16,103.83,grocery,atm,in_person,0,0,0.933,37,2464,8,1.0,6681,1,D28083513,0
T0000195,100727,2025-07-19 17:17:05,309.09,entertainment,pos,mobile,1,0,0.262,4,789,2,311.67,1699,0,D94171275,0
T0000176,100337,2025-04-28 00:16:34,49.98,restaurants,online,in_person,0,0,0.485,51,1959,2,153.73,10860,0,D54444881,0
T0000032,100411,2024-05-19 00:11:28,212.02,utilities,online,mobile,1,0,0.42,42,1117,1,36.91,913,0,D89872046,0
T0000073,100839,2025-10-11 11:58:25,294.03,restaurants,pos,web,1,0,0.444,39,494,6,150.15,3958,0,D76252921,0
T0000204,100089,2025-07-16 19:45:40,107.69,electronics,online,mobile,1,0,0.786,35,989,4,155.92,931,1,D85315173,0
T0000852,100280,2024-07-20 00:31:05,235.92,online_services,online,in_person,0,0,0.26,0,1100,1,141.48,1234,1,D17215046,0
T0000416,100676,2024-09-17 05:01:44,310.62,travel,pos,in_person,0,0,0.609,33,104,0,217.41,737,0,D59181108,0
T0000933,100596,2025-10-17 10:55:35,36.01,grocery,online,in_person,1,0,0.752,14,2803,3,105.01,3303,1,D34747016,0
T0000359,100096,2024-10-23 16:11:05,270.57,restaurants,pos,mobile,1,0,0.418,77,49,0,1.0,668,1,D99782501,0
T0000338,100353,2024-03-20 08:37:03,246.2,grocery,online,ivr,1,0,0.824,17,32,3,86.09,4332,1,D69992729,0
T0000823,100954,2025-11-15 10:19:27,418.62,entertainment,atm,web,1,0,0.902,57,1440,1,109.06,433,1,D75379520,0
T0000808,100358,2025-11-07 00:27:36,52.52,entertainment,pos,in_person,1,0,0.351,32,369,0,274.69,738,0,D36363344,0
T0000042,100918,2024-02-18 05:48:12,71.42,gas,atm,in_person,1,0,0.716,78,1247,2,101.54,10884,0,D12514592,0
T0000265,100853,2024-07-09 13:47:03,106.52,entertainment,transfer,in_person,0,0,0.888,37,172,3,389.81,2082,1,D64866891,0
T0000005,100550,2025-10-12 02:30:30,24.71,restaurants,online,mobile,1,0,0.65,39,2117,3,124.63,10236,0,D84225235,0
T0000689,100339,2024-01-09 04:04:17,34.07,online_services,transfer,in_person,0,0,0.582,68,3650,0,111.34,5222,1,D43709329,0
T0000870,100263,2024-01-13 06:21:01,180.07,online_services,pos,in_person,0,0,0.543,79,102,1,1.0,4731,0,D34575737,0
T0000762,100510,2025-08-16 04:16:39,237.83,utilities,pos,in_person,1,0,0.581,27,1774,2,143.19,11280,1,D91283735,0
T0000979,100725,2024-03-13 04:44:17,126.61,entertainment,pos,in_person,1,0,0.231,70,377,4,115.79,2961,0,D65729276,0
T0000786,100913,2024-09-05 13:49:43,101.74,healthcare,atm,in_person,1,0,0.623,22,273,0,4.39,2696,1,D87472559,0
T0000487,100767,2024-06-07 12:44:25,177.89,grocery,pos,in_person,1,0,0.203,47,1583,2,179.35,2407,0,D96382875,0
T0000728,100054,2025-02-06 14:16:19,61.96,restaurants,pos,in_person,1,0,0.695,19,3650,3,97.7,3258,1,D80471105,0
T0000643,100753,2024-07-10 23:21:40,1218.62,gas,online,in_person,1,0,0.352,52,435,1,69.09,699,1,D38037164,1
T0000630,100117,2024-06-15 15:34:55,96.39,restaurants,atm,in_person,1,0,0.294,88,81,0,66.57,22070,1,D71058083,0
T0000174,100457,2024-06-06 16:01:34,1184.86,grocery,pos,web,1,0,0.308,46,295,2,283.34,559,1,D53729175,1
T0000616,100281,2024-04-18 00:28:18,301.83,entertainment,transfer,in_person,1,0,0.863,55,1664,2,214.51,753,1,D13398850,1
T0000809,100757,2024-08-16 03:01:36,19.55,gas,pos,web,1,0,0.729,60,749,1,79.51,738,1,D82940989,0
T0000290,100401,2024-10-31 12:33:28,218.77,travel,pos,in_person,0,1,0.689,57,193,1,49.62,571,1,D48569892,0
T0000577,100932,2024-03-18 22:28:29,99.78,healthcare,pos,web,1,1,0.786,36,1055,1,205.27,5824,1,D12977985,0
T0000099,100069,2024-07-25 19:33:44,92.91,grocery,online,in_person,1,0,0.378,73,1107,1,169.29,7919,0,D58400517,0
T0000948,100182,2024-05-15 12:21:40,150.82,grocery,atm,mobile,1,0,0.432,27,1149,1,297.45,6398,0,D61354649,0
T0000545,100290,2024-07-11 01:25:54,142.89,utilities,transfer,web,1,0,0.873,0,237,4,236.3,6410,1,D55967551,0
T0000105,100680,2024-11-22 07:38:15,97.63,gas,pos,web,0,0,0.283,25,3650,2,1.9,7047,1,D48543949,0
T0000884,100064,2024-09-22 00:21:07,96.1,electronics,pos,in_person,1,0,0.921,12,478,3,204.77,10723,1,D49890746,0
T0000613,100288,2024-07-12 14:56:28,100.95,grocery,pos,in_person,1,0,0.89,0,34,1,51.91,4623,0,D48158924,0
T0000178,100435,2025-08-11 17:21:04,231.82,online_services,pos,in_person,1,1,0.6,0,402,1,92.24,3008,0,D65033262,0
T0000132,100350,2025-04-17 01:10:14,808.43,travel,online,web,1,0,0.572,20,538,2,222.16,9486,0,D39681421,0
T0000898,100229,2025-06-11 03:13:07,20.51,grocery,transfer,in_person,0,0,0.348,25,326,1,78.45,201,1,D79519571,0
T0000479,100391,2025-10-19 02:26:08,145.48,online_services,pos,web,1,0,0.208,5,269,3,1.0,3342,1,D59615016,0
T0000019,100901,2025-07-07 07:17:52,107.39,utilities,pos,in_person,1,0,0.753,51,3650,0,186.26,986,1,D65583929,0
T0000472,100073,2025-10-25 13:42:24,274.62,online_services,online,web,0,0,0.351,13,3270,2,271.86,3527,1,D53293943,0
T0000640,100034,2025-06-12 22:48:37,466.17,restaurants,online,mobile,1,0,0.684,33,836,4,260.31,1274,0,D45523883,0
T0000248,100984,2025-11-16 06:32:54,80.93,restaurants,online,web,1,0,0.338,46,1512,1,216.15,3510,1,D99114669,0
T0000660,100363,2024-06-08 11:51:37,174.1,gas,pos,mobile,1,0,0.535,14,881,3,47.14,9116,1,D37728547,0
T0000127,100536,2024-03-09 15:52:43,335.56,restaurants,online,in_person,1,0,0.336,18,816,3,88.81,8,1,D31179813,1
T0000603,100965,2025-08-25 04:44:46,114.43,grocery,atm,web,0,0,0.309,44,784,2,197.47,10001,1,D21571652,0
T0000556,100676,2025-04-02 12:43:34,226.08,electronics,online,mobile,1,1,0.608,26,474,2,200.85,3059,0,D14208730,0
T0000807,100134,2025-01-03 21:00:15,96.95,travel,atm,web,0,0,0.463,63,207,3,105.36,4900,0,D13156476,0
T0000897,100968,2025-12-07 17:47:15,107.17,grocery,online,in_person,1,0,0.211,24,1169,1,71.46,950,1,D41582247,0
T0000558,100793,2025-08-09 01:51:33,81.6,travel,pos,in_person,1,0,0.31,66,286,1,73.21,2555,0,D49778592,0
T0000208,100874,2024-08-16 03:07:09,60.69,online_services,pos,web,0,0,0.457,53,852,1,225.76,6049,0,D63530401,0
T0000557,100984,2024-04-14 04:39:21,211.24,restaurants,transfer,web,0,0,0.884,100,162,1,248.35,7688,0,D44254077,0
T0000378,100604,2024-08-28 13:31:06,207.32,restaurants,online,in_person,1,0,0.535,27,824,2,277.55,5776,1,D17040554,0
T0000158,100243,2024-05-12 17:55:28,698.8,grocery,atm,web,0,0,0.641,30,1537,1,168.27,2615,0,D13674602,0
T0000836,100686,2024-01-30 14:07:52,95.23,healthcare,transfer,in_person,0,0,0.353,28,126,3,157.38,1867,1,D38392306,0
T0000474,100408,2025-07-26 20:12:17,55.81,travel,online,in_person,1,0,0.812,64,944,3,304.93,8952,0,D33938823,0
T0000254,100564,2025-09-21 18:55:42,219.13,restaurants,pos,mobile,1,0,0.201,63,2148,2,60.28,6344,1,D62106233,0
T0000866,100548,2025-06-26 05:45:49,71.9,grocery,pos,mobile,1,0,0.593,51,738,2,386.04,2138,1,D97040551,0
T0000436,100052,2025-11-06 13:55:43,162.17,restaurants,transfer,in_person,1,0,0.38,22,843,3,21.09,2197,1,D76123477,0
T0000212,100731,2025-09-22 11:47:22,131.1,restaurants,atm,web,1,0,0.572,44,827,4,1.0,2267,1,D48198728,0
T0000759,100072,2024-11-15 04:17:29,25.98,utilities,online,mobile,0,0,0.573,41,3293,3,1.0,14397,0,D50696923,0
T0000563,100364,2025-01-13 08:52:29,62.16,electronics,atm,in_person,1,0,0.659,55,1221,2,87.62,613,1,D70933302,0
T0000554,100881,2025-09-17 00:44:21,27.88,restaurants,online,in_person,1,0,0.282,40,34,5,290.2,1032,1,D71624252,0
T0000329,100821,2024-06-04 15:35:11,473.08,entertainment,pos,web,1,0,0.586,53,1758,2,1.0,5987,0,D95697459,0
T0000751,100504,2024-12-22 01:13:32,113.97,online_services,pos,mobile,1,0,0.432,27,164,4,94.39,771,1,D23461868,0
T0000125,100310,2025-11-28 01:50:36,136.72,restaurants,pos,in_person,0,0,0.323,44,132,2,93.9,512,1,D11753880,0
T0000653,100569,2024-12-02 09:22:24,794.41,utilities,online,web,0,0,0.501,43,1601,3,84.32,5737,1,D69506427,0
T0000031,100363,2024-02-06 20:46:01,244.64,travel,online,in_person,1,0,0.313,29,425,3,114.89,8528,1,D90969949,0
T0000513,100315,2025-05-28 00:01:14,192.58,online_services,pos,in_person,1,0,0.412,31,549,1,298.21,3194,1,D18101581,0
T0000760,100943,2025-08-23 13:56:18,181.02,entertainment,online,in_person,1,0,0.917,9,1338,1,16.91,1268,1,D31750047,0
T0000023,100630,2024-04-29 09:22:47,36.19,travel,atm,mobile,1,0,0.319,32,1277,4,315.77,258,1,D99663290,0
T0000183,100208,2024-11-28 17:45:30,231.73,travel,atm,in_person,1,0,0.384,10,2770,0,103.96,520,0,D97222404,0
T0000462,100315,2025-05-22 05:09:01,139.05,online_services,online,in_person,1,0,0.608,38,2232,2,182.88,1569,1,D84815278,0
T0000066,100791,2024-07-15 14:35:24,324.28,travel,transfer,in_person,0,0,0.237,21,288,2,137.33,4572,1,D72645853,0
T0000744,100085,2025-12-18 20:39:48,78.06,grocery,atm,mobile,1,0,0.537,21,2321,0,246.91,7386,1,D11044177,0
T0000423,100238,2024-05-11 08:37:14,135.38,grocery,online,mobile,1,0,0.844,36,328,4,47.22,9186,0,D89746595,0
T0000154,100853,2024-05-09 07:59:20,227.69,online_services,pos,in_person,0,0,0.51,29,249,0,13.34,3127,0,D78234457,0
T0000850,100396,2025-05-09 17:16:28,242.48,restaurants,transfer,mobile,0,0,0.634,31,2113,4,364.1,4206,1,D26414384,0
T0000831,100036,2025-09-19 20:58:14,139.53,utilities,atm,in_person,0,0,0.831,0,540,2,65.05,1711,1,D94530026,0
T0000489,100627,2024-04-13 06:59:21,161.15,gas,pos,ivr,1,0,0.565,35,701,3,77.24,2573,1,D66675682,0
T0000695,100594,2025-07-24 04:49:00,100.53,online_services,online,mobile,1,0,0.375,12,3650,3,208.98,2573,1,D59756437,0
T0000549,100466,2024-02-23 14:55:44,177.24,restaurants,atm,mobile,1,0,0.208,65,2956,0,190.65,11709,0,D35930240,0
T0000989,100139,2025-10-11 21:43:57,189.03,online_services,atm,mobile,0,0,0.417,49,1456,2,1.0,277,0,D38695489,0
T0000709,100423,2024-05-20 09:53:52,188.01,entertainment,pos,in_person,1,0,0.788,41,357,1,138.92,1812,0,D89007386,0
T0000988,100541,2025-08-31 18:30:08,448.29,healthcare,atm,in_person,1,0,0.724,41,1600,2,22.62,19271,1,D25856181,0
T0000752,100371,2025-04-07 13:44:42,101.25,utilities,pos,mobile,0,0,0.556,4,2649,1,172.28,2327,0,D67816601,0
T0000834,100622,2024-06-08 15:52:13,350.19,electronics,pos,in_person,0,0,0.347,55,1014,4,191.04,3010,0,D62555699,0
T0000279,100204,2024-04-22 04:27:35,81.25,utilities,online,in_person,1,0,0.287,25,883,1,74.62,5911,1,D88577351,0
T0000194,100011,2025-03-23 16:45:54,115.13,entertainment,pos,in_person,1,0,0.375,46,1960,3,36.17,681,0,D33256891,0
T0000007,100777,2025-07-26 23:39:07,150.65,travel,transfer,mobile,0,0,0.467,51,818,1,102.03,2484,1,D74744094,0
T0000493,100059,2024-06-15 13:03:26,236.26,gas,online,web,0,0,0.407,4,3650,1,102.67,9161,0,D21991828,0
T0000280,100978,2024-12-26 19:54:01,186.71,online_services,online,web,1,0,0.201,33,488,1,65.35,6451,1,D73532828,0
T0000027,100018,2024-04-28 15:13:07,359.08,electronics,pos,web,1,0,0.881,25,962,0,149.45,16358,1,D79840914,0
T0000916,100109,2025-04-09 23:01:39,36.61,utilities,pos,mobile,1,0,0.51,41,135,1,48.42,526,1,D58625641,0
T0000675,100560,2025-01-15 14:05:16,90.61,electronics,atm,in_person,0,0,0.693,42,407,2,79.99,10014,1,D53127658,0
T0000591,100765,2024-12-09 20:50:40,102.81,healthcare,pos,in_person,1,0,0.6,59,1105,2,193.75,9341,0,D90385832,0
T0000376,100140,2025-11-02 08:46:53,75.16,electronics,transfer,in_person,1,0,0.35,53,3508,2,75.82,1157,0,D55708226,0
T0000433,100775,2025-03-17 07:12:04,188.96,healthcare,online,in_person,1,0,0.851,62,612,0,24.07,1905,1,D90726849,0
T0000878,100509,2024-08-30 19:54:40,68.99,restaurants,pos,in_person,1,0,0.944,70,2783,0,161.35,6993,0,D56473157,0
T0000075,100687,2024-07-19 08:12:23,539.79,utilities,pos,in_person,1,0,0.802,39,371,2,1.0,57,1,D46559066,0
T0000079,100871,2024-08-08 10:40:42,12.24,grocery,atm,in_person,0,0,0.397,56,3650,2,130.37,7042,1,D41286018,0
T0000403,100698,2025-08-12 05:48:34,108.95,grocery,online,in_person,1,0,0.377,0,1700,1,1.0,8455,1,D13998401,0
T0000302,100045,2024-06-29 09:19:00,410.12,online_services,pos,in_person,1,0,0.72,0,1666,3,137.64,5303,1,D80271803,0
T0000606,100205,2025-03-26 03:53:42,78.02,online_services,atm,in_person,0,0,0.585,35,774,3,157.13,415,0,D54601638,0
T0000011,100895,2025-08-04 02:47:33,346.85,restaurants,pos,mobile,0,0,0.245,39,530,3,199.21,2939,1,D71469155,0
T0000357,100819,2024-12-18 21:24:14,473.83,electronics,transfer,mobile,1,0,0.475,45,3650,3,1.0,5698,1,D55905672,0
T0000200,100546,2024-11-21 15:58:23,98.06,grocery,transfer,mobile,0,0,0.415,38,517,2,1.0,5102,0,D62242670,0
T0000325,100043,2025-05-06 20:40:25,402.7,gas,pos,in_person,1,0,0.942,22,243,2,176.87,10751,1,D23721335,0
T0000297,100621,2025-08-25 03:03:15,73.55,entertainment,online,in_person,0,0,0.471,0,2166,1,215.12,502,0,D83179546,0
T0000975,100648,2024-08-31 21:32:46,51.46,travel,atm,mobile,0,0,0.482,45,455,1,107.6,4217,1,D74546804,0
T0000662,100562,2024-03-12 14:50:55,162.93,grocery,atm,ivr,1,0,0.356,31,1414,1,1.0,4975,0,D32956501,0
T0000976,100703,2024-03-05 09:13:35,828.46,gas,pos,mobile,0,0,0.824,68,1064,4,270.05,275,0,D55000380,1
T0000459,100110,2024-02-15 22:22:28,227.99,restaurants,pos,in_person,1,0,0.863,0,1226,3,1.0,778,1,D26447658,0
T0000394,100202,2024-01-31 11:40:16,203.83,grocery,online,in_person,1,0,0.873,93,360,2,4.64,2117,0,D64735091,0
T0000649,100882,2024-06-30 08:31:15,14.67,restaurants,online,web,0,0,0.724,13,1178,4,62.98,47,1,D11903476,0
T0000296,100336,2025-01-18 19:00:35,259.19,restaurants,atm,in_person,0,0,0.665,0,383,1,128.56,1212,1,D12680759,0
T0000310,100376,2025-03-25 05:00:24,41.28,online_services,online,web,0,0,0.95,21,462,2,173.63,6695,1,D43073726,0
T0000798,100327,2025-02-27 00:30:39,121.92,utilities,online,in_person,1,0,0.943,8,69,1,1.0,1623,1,D67855822,0
T0000240,100553,2024-07-25 16:05:16,318.06,healthcare,online,mobile,1,1,0.325,22,1249,1,79.04,14581,0,D84198460,0
T0000213,100249,2024-09-16 13:22:33,150.85,grocery,pos,in_person,0,0,0.619,57,1163,2,9.92,5273,0,D92509985,0
T0000438,100863,2025-05-08 09:32:32,1018.63,grocery,atm,in_person,1,0,0.341,41,1588,4,78.23,4224,0,D54637819,0
T0000220,100193,2024-05-02 17:24:10,436.36,restaurants,online,in_person,1,0,0.914,0,1186,1,166.58,6707,1,D79111259,0
T0000698,100586,2024-10-04 06:09:54,97.71,entertainment,online,in_person,1,0,0.445,51,2622,3,163.06,12471,1,D54598848,0
T0000115,100111,2024-09-29 22:21:50,137.29,grocery,online,web,0,0,0.41,3,198,0,48.48,3649,0,D22214646,0
T0000822,100358,2024-05-04 08:06:14,55.24,restaurants,pos,in_person,1,0,0.742,56,1589,2,88.01,2727,1,D93168499,0
T0000014,100083,2024-03-09 07:00:45,107.66,restaurants,pos,in_person,0,0,0.826,42,233,1,1.0,3373,1,D89816805,0
T0000553,100344,2024-11-09 01:14:21,246.7,electronics,online,in_person,1,0,0.876,27,1774,4,144.0,2048,1,D12943000,0
T0000644,100971,2024-08-13 11:24:21,20.51,restaurants,online,in_person,1,0,0.402,45,784,2,161.17,12886,0,D93221418,0
T0000373,100915,2024-12-17 16:54:16,889.91,online_services,pos,mobile,0,0,0.472,41,246,2,1.0,18230,0,D58799066,0
T0000057,100725,2024-03-22 15:05:43,354.16,healthcare,pos,in_person,0,0,0.687,25,62,3,40.63,2231,1,D55640237,0
T0000347,100165,2024-12-28 13:50:00,338.58,utilities,pos,ivr,0,0,0.469,65,1229,1,63.98,4665,0,D78073260,0
T0000954,100992,2024-01-21 07:27:43,302.15,online_services,atm,web,1,0,0.461,20,80,2,228.03,3631,0,D12153522,0
T0000322,100437,2025-02-24 15:38:17,100.17,utilities,online,in_person,1,0,0.919,41,1544,1,156.8,1614,1,D15770634,0
T0000667,100850,2024-07-09 12:39:56,218.77,travel,atm,in_person,0,0,0.536,52,469,1,72.71,899,0,D59763164,0
T0000903,100025,2024-09-17 16:07:09,96.33,restaurants,atm,web,1,1,0.791,38,88,0,207.5,412,1,D31955816,0
T0000268,100570,2024-06-07 22:17:31,92.99,travel,online,in_person,1,0,0.939,75,946,0,107.56,2980,1,D18046471,0
T0000771,100836,2025-07-02 02:56:50,234.6,online_services,transfer,in_person,1,0,0.323,16,1719,2,120.52,468,1,D32934858,0
T0000098,100245,2024-04-22 01:15:56,17.78,electronics,online,in_person,0,0,0.584,18,2827,2,1.0,2311,1,D83983132,0
T0000799,100945,2024-10-27 12:52:33,163.18,gas,atm,in_person,0,0,0.866,47,1728,1,1.0,5793,1,D32728423,0
T0000626,100588,2025-05-11 21:29:21,66.02,grocery,pos,in_person,1,0,0.419,20,40,0,89.9,954,1,D53252773,0
T0000134,100001,2024-03-07 19:41:47,162.84,online_services,online,mobile,0,0,0.529,30,1201,0,289.03,6861,1,D76263182,0
T0000169,100867,2024-01-19 03:03:25,122.16,gas,transfer,ivr,1,0,0.316,27,1150,4,52.38,805,1,D78238996,0
T0000210,100841,2025-02-10 13:16:57,97.88,gas,transfer,in_person,1,0,0.757,13,776,2,17.58,1104,0,D21418056,0
T0000727,100776,2025-12-15 19:52:52,38.34,online_services,pos,in_person,1,0,0.293,36,815,0,261.21,626,0,D21542220,0
T0000816,100982,2025-11-02 07:57:07,107.01,grocery,transfer,in_person,0,1,0.675,46,3203,1,1.0,1138,1,D80241851,0
T0000511,100200,2025-04-29 03:02:50,142.0,online_services,transfer,mobile,0,0,0.375,3,3650,0,1.0,1641,1,D85039013,0
T0000412,100915,2025-05-12 12:39:19,134.63,electronics,online,in_person,0,1,0.657,19,173,4,2.88,3951,0,D78767017,0
T0000928,100211,2025-02-15 08:43:43,1800.08,electronics,pos,in_person,0,0,0.746,36,477,4,313.39,966,1,D79483989,1
T0000956,100131,2024-09-02 14:16:37,129.0,restaurants,atm,in_person,1,0,0.759,0,1388,2,171.5,1537,1,D73234760,0
T0000267,100716,2025-11-08 22:33:38,467.13,online_services,pos,web,0,0,0.548,0,143,4,183.16,15672,1,D21835416,0
T0000783,100651,2024-01-05 03:00:35,174.17,healthcare,pos,in_person,1,0,0.491,34,1206,1,37.13,2373,1,D11940416,0
T0000673,100190,2025-07-03 11:54:48,97.87,grocery,atm,in_person,0,0,0.3,15,3650,2,160.42,7288,1,D15593523,0
T0000096,100651,2024-09-13 08:21:42,89.48,grocery,pos,web,1,0,0.736,49,745,3,250.0,4132,1,D47013850,0
T0000739,100132,2024-05-17 09:06:23,114.96,restaurants,online,web,1,0,0.836,29,147,1,250.91,1109,0,D39016619,0
T0000150,100520,2025-02-20 20:50:18,87.78,restaurants,pos,web,1,0,0.462,48,768,1,1.0,6791,0,D67565735,0
T0000934,100052,2025-02-13 00:30:05,276.53,gas,online,in_person,1,0,0.245,2,154,4,44.03,7358,1,D46724696,0
T0000076,100547,2025-04-23 01:45:13,109.86,restaurants,pos,mobile,0,1,0.34,42,2245,5,172.69,2972,1,D37324015,0
T0000077,100742,2024-09-19 16:28:16,59.58,gas,online,mobile,0,0,0.693,26,3650,1,295.74,19661,0,D20119062,0
T0000635,100089,2024-02-19 11:09:35,469.25,utilities,pos,in_person,0,0,0.842,66,1177,3,1.0,5624,1,D40522763,0
T0000102,100920,2025-09-08 08:42:50,59.05,healthcare,pos,web,0,1,0.909,53,1983,1,112.29,3724,1,D55955283,0
T0000466,100435,2025-04-22 15:47:38,159.1,online_services,pos,in_person,0,0,0.83,15,3050,0,129.51,294,1,D51109053,0
T0000038,100616,2025-09-15 01:01:47,151.92,entertainment,transfer,in_person,0,0,0.625,77,123,5,216.98,2084,1,D21719958,0
T0000494,100216,2024-09-10 20:24:23,287.13,grocery,online,in_person,1,0,0.613,31,1947,0,97.63,1870,1,D60246541,0
T0000259,100074,2024-09-11 14:23:29,238.73,utilities,pos,ivr,1,0,0.785,37,3650,2,50.87,4538,0,D43723178,0
T0000116,100964,2024-02-09 18:45:36,84.65,grocery,atm,mobile,1,0,0.428,41,754,4,230.75,857,1,D22795435,0
T0000266,100257,2024-03-04 08:18:18,51.95,utilities,pos,web,1,1,0.563,7,2624,1,165.82,12199,1,D67052300,0
T0000935,100092,2024-12-03 10:15:55,360.24,gas,pos,web,1,0,0.422,33,5,3,130.03,9961,1,D92424421,0
T0000736,100681,2025-04-30 16:45:28,61.53,grocery,transfer,in_person,0,0,0.783,36,56,2,1.0,1452,1,D99726437,0
T0000026,100226,2025-06-27 23:47:59,188.28,entertainment,online,in_person,1,0,0.837,35,3650,0,146.01,3937,1,D72162450,0
T0000054,100187,2024-06-12 03:34:54,200.82,online_services,pos,mobile,0,0,0.881,0,1847,4,1.0,2782,0,D67738889,0
T0000749,100475,2024-03-23 03:20:33,1085.46,travel,transfer,in_person,1,0,0.319,31,3006,3,132.37,7052,1,D63907804,0
T0000111,100531,2024-03-02 09:37:49,175.59,restaurants,atm,in_person,1,0,0.557,59,237,3,50.84,2732,1,D92520439,0
T0000845,100709,2025-06-07 19:59:10,200.29,grocery,pos,in_person,1,0,0.47,0,518,3,115.86,15448,0,D88607511,0
T0000960,100379,2025-06-20 15:51:13,172.89,grocery,transfer,web,0,0,0.454,31,2332,0,149.77,7025,1,D27056446,0
T0001000,100293,2025-06-26 12:50:58,76.17,utilities,pos,in_person,1,0,0.624,46,3602,5,132.17,1542,0,D33518001,0
T0000601,100867,2025-12-12 10:24:23,83.39,electronics,pos,in_person,1,0,0.794,76,425,3,130.62,1537,1,D94211431,0
T0000475,100505,2024-09-14 14:23:36,61.31,gas,atm,in_person,0,0,0.208,34,995,3,304.49,1186,1,D97367978,0
T0000009,100224,2024-05-05 18:09:53,73.31,restaurants,pos,mobile,1,0,0.544,50,869,1,42.61,3242,1,D83275574,0
T0000641,100058,2024-07-20 07:08:43,66.14,grocery,online,in_person,0,0,0.885,26,2487,2,67.02,1811,0,D52623663,0
T0000629,100796,2025-06-23 06:36:05,103.16,electronics,pos,web,0,0,0.887,31,268,6,115.73,805,1,D18710317,0
T0000398,100165,2025-09-28 14:54:59,259.58,gas,online,mobile,1,0,0.635,28,32,1,239.9,1835,0,D66685085,0
T0000668,100785,2025-12-24 20:17:18,162.67,utilities,online,in_person,1,0,0.519,37,452,2,297.91,7889,0,D63346509,0
T0000907,100080,2024-12-14 02:56:33,583.99,electronics,transfer,web,1,0,0.546,61,132,3,24.28,2810,0,D13616589,1
T0000841,100618,2025-08-05 08:06:59,405.61,online_services,online,mobile,1,1,0.342,49,388,2,137.58,7212,1,D21644966,0
T0000502,100145,2025-01-23 22:26:23,317.83,restaurants,online,in_person,0,0,0.819,53,1934,3,19.68,1801,1,D17960775,0
T0000093,100249,2025-09-07 04:11:12,28.76,healthcare,pos,mobile,1,0,0.463,37,776,4,76.9,10581,1,D97506881,0
T0000624,100924,2025-08-28 08:49:04,62.84,electronics,pos,in_person,0,0,0.737,32,169,1,140.64,6108,1,D54613371,0
T0000055,100071,2024-07-31 01:43:32,136.93,entertainment,pos,mobile,1,0,0.853,15,393,2,105.51,3747,0,D68645767,0
T0000168,100141,2024-01-23 07:57:53,50.38,electronics,transfer,in_person,0,0,0.789,22,98,1,86.84,2771,0,D88970943,0
T0000067,100657,2025-02-01 11:57:13,196.37,restaurants,transfer,in_person,1,0,0.515,7,1521,3,123.19,5436,1,D17844491,0
T0000637,100178,2024-05-26 11:24:14,212.49,healthcare,pos,web,1,0,0.827,0,997,2,79.58,6924,1,D19747479,0
T0000982,100236,2024-06-13 09:59:39,678.05,grocery,transfer,mobile,0,0,0.948,36,662,0,97.2,3385,1,D67004468,0
T0000161,100646,2025-11-21 16:12:01,118.13,electronics,pos,in_person,0,0,0.322,24,1281,2,200.37,3322,1,D97915008,0
T0000571,100764,2025-11-26 05:46:38,115.77,grocery,pos,in_person,0,0,0.595,57,230,2,1.0,5802,0,D70702626,0
T0000797,100281,2025-09-08 21:03:07,316.36,restaurants,pos,in_person,1,0,0.795,17,796,1,212.25,5345,0,D95286915,0
T0000130,100658,2024-12-17 08:55:43,80.28,grocery,pos,in_person,1,0,0.276,42,391,5,12.28,2136,1,D83495110,0
T0000518,100459,2025-10-22 14:20:46,400.75,online_services,pos,in_person,1,1,0.389,33,401,2,83.15,8631,1,D63527696,0
T0000101,100329,2024-03-26 22:28:22,116.96,travel,atm,in_person,1,1,0.834,32,986,0,167.09,640,0,D99503604,0
T0000015,100501,2025-04-11 15:25:19,72.33,electronics,online,web,0,0,0.396,9,96,4,310.94,3103,0,D42935172,0
T0000815,100712,2025-05-08 07:15:33,210.17,healthcare,pos,in_person,0,1,0.25,32,794,3,1.0,1186,1,D38333427,0
T0000968,100464,2024-06-05 17:30:10,118.6,restaurants,pos,in_person,0,0,0.733,36,2975,5,121.65,797,1,D99068636,0
T0000216,100579,2025-10-04 23:25:01,236.47,online_services,pos,web,1,0,0.374,40,111,0,96.13,1668,0,D46646761,0
T0000647,100065,2024-01-29 00:13:37,239.96,electronics,transfer,in_person,1,0,0.239,47,69,1,227.72,3422,1,D66999278,0
T0000980,100812,2024-07-21 05:10:22,106.59,electronics,pos,ivr,1,0,0.931,50,533,4,58.74,2238,1,D12234543,0
T0000532,100608,2024-02-22 10:59:58,528.3,restaurants,pos,in_person,1,0,0.657,35,1909,4,92.06,2886,0,D30077767,0
T0000865,100903,2024-07-10 14:14:02,35.42,utilities,transfer,in_person,1,0,0.683,12,1417,4,1.0,492,1,D88793638,0
T0000620,100398,2024-06-10 04:56:29,160.43,restaurants,pos,in_person,1,1,0.615,42,760,1,1.0,5360,0,D69212526,0
T0000341,100760,2024-09-16 14:53:05,39.09,gas,pos,in_person,1,0,0.769,33,2783,1,185.71,2667,1,D22467112,0
T0000353,100257,2024-10-31 14:39:31,310.57,online_services,online,in_person,1,0,0.707,26,81,1,88.38,6937,1,D29889782,0
T0000255,100530,2024-08-07 05:19:50,398.44,travel,pos,in_person,1,0,0.739,14,325,1,51.35,2023,1,D98716340,0
T0000253,100894,2025-09-01 04:00:26,241.82,healthcare,transfer,in_person,0,0,0.945,31,560,3,233.99,64,1,D67698177,1
T0000863,100783,2024-08-18 08:47:45,123.61,electronics,pos,ivr,1,0,0.883,20,1750,3,36.84,2296,0,D32376231,0
T0000593,100827,2024-10-18 21:43:42,205.98,grocery,atm,in_person,0,0,0.887,40,3650,0,35.23,1265,1,D35108750,0
T0000071,100763,2025-10-14 10:40:43,43.82,electronics,atm,in_person,1,0,0.556,27,1809,2,143.42,1346,0,D56728000,0
T0000702,100500,2024-06-10 21:56:13,312.11,gas,pos,web,1,0,0.368,53,693,4,150.47,6425,0,D45885117,0
T0000421,100360,2024-02-22 15:13:23,414.52,healthcare,pos,in_person,0,0,0.843,20,1834,0,65.91,14303,1,D44572858,0
T0000522,100078,2024-09-15 03:33:35,376.43,gas,transfer,mobile,1,1,0.472,26,1841,3,1.0,6482,0,D25883262,0
T0000453,100126,2025-01-19 21:12:41,127.4,gas,pos,in_person,1,0,0.424,40,660,0,379.14,2289,1,D96188011,0
T0000040,100631,2024-03-14 08:52:55,220.72,online_services,transfer,in_person,1,0,0.845,45,2165,0,145.09,5960,1,D98480596,0
T0000307,100134,2024-01-25 00:37:20,187.17,restaurants,transfer,web,0,0,0.588,0,72,4,161.18,1486,1,D18405425,0
T0000961,100817,2024-10-25 17:31:03,848.05,utilities,transfer,in_person,0,0,0.315,74,534,3,64.18,4204,1,D60829808,0
T0000156,100853,2024-05-10 05:00:05,495.59,online_services,pos,in_person,1,0,0.894,25,768,1,145.91,3424,1,D70923661,0
T0000244,100097,2025-03-10 08:26:55,115.75,restaurants,transfer,web,0,0,0.911,29,1929,3,192.56,1880,1,D81085646,0
T0000225,100097,2025-09-08 01:54:39,321.82,gas,pos,mobile,0,0,0.446,48,295,1,1.0,10831,1,D67228729,0
T0000544,100108,2025-07-03 16:09:13,315.62,electronics,pos,web,1,1,0.798,3,300,6,193.02,589,1,D23407965,1
T0000973,100084,2024-11-12 20:25:14,45.14,electronics,transfer,mobile,0,0,0.326,25,1700,0,138.61,2821,1,D28414224,0
T0000029,100017,2025-06-14 13:21:36,149.66,restaurants,online,ivr,0,1,0.813,65,3650,2,284.1,8151,1,D45122308,0
T0000681,100618,2024-03-09 22:18:51,361.01,online_services,pos,in_person,0,0,0.731,54,225,3,218.8,2261,1,D72327480,0
T0000864,100211,2025-06-02 06:44:44,149.27,entertainment,online,in_person,1,0,0.575,26,589,1,24.1,9173,0,D11910040,0
T0000666,100084,2024-08-30 20:43:22,571.75,gas,online,in_person,0,0,0.928,25,1393,5,206.02,14147,1,D77309494,0
T0000418,100493,2025-07-11 03:14:20,100.77,travel,pos,in_person,1,0,0.947,62,264,3,2.68,616,0,D89855722,0
T0000108,100132,2025-03-22 09:59:02,90.47,restaurants,online,mobile,1,0,0.804,45,2261,5,1.0,1267,1,D48673013,0
T0000081,100658,2024-01-19 08:12:47,1248.22,gas,pos,web,1,0,0.707,5,3650,2,1.0,1124,0,D23212597,0
T0000044,100113,2025-08-08 17:09:48,66.17,utilities,online,in_person,0,0,0.858,33,28,3,220.72,10102,1,D28351219,0
T0000775,100413,2024-12-07 03:51:02,57.25,gas,atm,in_person,1,0,0.364,45,43,2,165.32,649,1,D29620937,0
T0000482,100882,2025-12-02 17:53:43,157.5,healthcare,pos,mobile,0,0,0.939,45,1124,1,1.0,2240,1,D30756425,0
T0000943,100144,2024-04-10 12:39:24,195.84,online_services,transfer,mobile,0,0,0.861,47,2737,2,128.66,1788,0,D71475412,0
T0000117,100614,2024-07-28 04:39:22,341.38,restaurants,transfer,ivr,1,0,0.462,57,1236,1,79.18,3359,0,D99210027,0
T0000300,100557,2025-02-01 11:44:08,163.23,electronics,pos,web,1,0,0.803,49,2433,2,63.89,30892,1,D27119765,0
T0000650,100972,2025-06-30 02:21:28,159.24,restaurants,online,mobile,1,0,0.208,34,442,1,46.71,5782,1,D14776105,0
T0000408,100152,2025-06-22 11:00:18,145.62,online_services,atm,in_person,0,0,0.354,45,43,0,211.17,11450,1,D68019039,0
T0000249,100191,2024-05-03 12:53:54,168.48,travel,online,mobile,0,0,0.694,37,743,2,196.03,3659,1,D24208255,0
T0000155,100792,2025-06-15 19:36:34,86.44,restaurants,pos,in_person,0,0,0.558,29,2192,1,116.27,3176,1,D20264806,0
T0000622,100881,2024-10-25 19:31:21,23.57,utilities,transfer,mobile,1,0,0.762,56,2799,1,169.41,3672,1,D46040532,0
T0000955,100759,2024-12-29 11:10:51,78.36,gas,transfer,mobile,1,0,0.691,48,289,1,238.1,1442,1,D74847346,0
T0000328,100335,2024-10-14 09:44:45,92.84,entertainment,pos,in_person,1,0,0.351,54,811,1,1.0,14500,1,D32134348,0
T0000159,100746,2024-06-03 08:15:52,42.65,restaurants,transfer,web,1,0,0.744,35,25,2,296.98,11247,1,D38784582,0
T0000608,100308,2024-05-14 16:21:05,201.64,grocery,pos,in_person,1,0,0.752,26,1945,5,290.05,1755,0,D51413191,0
T0000913,100939,2024-12-16 12:18:10,119.13,online_services,online,ivr,0,0,0.577,33,30,3,197.47,6457,1,D98822666,0
T0000965,100571,2025-11-23 21:09:14,36.49,online_services,online,mobile,1,0,0.34,36,389,0,1.0,76,1,D76557544,0
T0000185,100707,2024-12-02 15:40:54,192.93,electronics,transfer,mobile,1,0,0.813,55,455,1,288.78,242,0,D38414524,1
T0000969,100435,2025-03-30 23:44:16,142.45,utilities,atm,mobile,1,0,0.822,29,746,5,1.0,934,1,D40335885,0
T0000686,100687,2025-03-07 11:18:36,200.4,utilities,atm,mobile,1,1,0.718,23,961,1,91.45,1975,1,D25588016,0
T0000369,100474,2025-02-15 18:15:37,49.71,gas,pos,in_person,1,0,0.617,6,2405,1,1.0,256,1,D88238229,0
T0000223,100620,2024-03-13 09:31:22,19.87,utilities,online,mobile,1,0,0.59,72,5,4,256.0,10645,1,D13386168,0
T0000766,100169,2024-12-17 11:54:03,42.88,utilities,online,in_person,1,0,0.481,40,704,4,19.26,2347,1,D31506252,0
T0000379,100678,2024-02-05 19:31:41,86.08,travel,transfer,in_person,1,0,0.938,26,147,2,373.61,3782,1,D87084997,0
T0000701,100550,2025-05-12 04:29:48,508.2,utilities,pos,in_person,1,0,0.321,19,475,2,171.89,1173,1,D31662294,0
T0000078,100388,2024-10-23 03:44:53,324.88,restaurants,atm,in_person,0,0,0.272,43,81,1,114.94,4958,0,D16826440,0
T0000781,100331,2025-03-28 15:59:06,1170.35,gas,atm,in_person,1,0,0.459,26,826,1,193.3,5958,1,D18920783,0
T0000330,100485,2024-01-08 21:41:11,69.33,grocery,atm,web,1,0,0.265,1,8,3,199.42,7104,1,D72052612,0
T0000363,100099,2024-06-24 22:42:31,69.5,entertainment,transfer,mobile,1,0,0.455,25,522,1,182.28,12666,1,D71215601,0
T0000791,100852,2025-06-19 07:57:10,240.28,gas,pos,mobile,0,0,0.914,0,74,0,101.62,5894,1,D54473031,0
T0000754,100974,2024-05-11 09:09:33,166.64,grocery,transfer,web,1,0,0.754,31,156,4,79.96,6417,0,D65786886,0
T0000047,100401,2025-07-13 09:43:58,174.13,electronics,transfer,web,1,0,0.435,44,898,3,1.0,6138,1,D95604664,0
T0000226,100129,2025-12-14 23:01:27,193.11,electronics,pos,in_person,1,0,0.736,45,3002,2,56.17,9197,1,D16431484,0
T0000202,100465,2024-03-01 22:51:21,698.08,travel,pos,mobile,0,0,0.455,29,1501,1,94.14,172,0,D44378892,1
T0000592,100182,2024-01-24 21:37:34,137.01,grocery,pos,in_person,0,0,0.679,45,1119,3,207.62,3884,1,D26419687,0
T0000664,100510,2025-04-01 05:01:33,923.32,restaurants,online,mobile,0,1,0.303,26,220,1,159.42,9446,0,D52407680,0
T0000163,100010,2025-05-29 21:19:27,53.08,gas,pos,in_person,0,0,0.922,44,1532,0,213.95,1936,0,D48644440,0
T0000812,100568,2024-05-17 12:12:10,161.1,utilities,transfer,in_person,1,0,0.431,15,392,2,12.66,1590,1,D78629460,0
T0000162,100413,2024-09-24 10:34:25,47.8,utilities,transfer,in_person,1,0,0.748,76,311,1,26.16,339,1,D46019044,0
T0000024,100870,2025-12-27 11:38:11,206.35,entertainment,online,in_person,1,0,0.275,46,38,1,36.56,445,1,D11050190,0
T0000977,100313,2025-08-23 13:01:22,135.25,gas,transfer,in_person,0,0,0.888,20,3650,1,100.25,1033,0,D48012886,0
T0000301,100162,2024-12-14 22:56:10,97.26,travel,pos,mobile,1,0,0.484,6,2213,1,159.95,5526,1,D69279380,0
T0000795,100698,2024-02-06 07:03:59,32.59,electronics,transfer,in_person,0,0,0.262,25,2771,4,115.21,2540,1,D28417314,0
T0000789,100712,2024-05-26 00:04:10,98.4,electronics,pos,in_person,1,0,0.925,39,2714,3,60.19,3146,1,D50177566,0
T0000838,100000,2025-12-04 20:52:14,253.09,healthcare,pos,mobile,0,0,0.948,29,2986,0,151.06,3103,0,D74574570,0
T0000994,100820,2025-08-20 11:24:11,83.43,utilities,transfer,in_person,1,1,0.705,29,484,0,103.68,3723,0,D81217275,0
T0000883,100120,2024-03-07 12:37:50,285.29,restaurants,transfer,in_person,0,0,0.604,44,693,3,87.26,8515,1,D75848946,0
T0000947,100504,2024-03-18 12:51:31,118.54,gas,transfer,web,0,0,0.593,69,420,1,1.0,14475,0,D37848958,0
T0000661,100617,2024-11-07 07:19:39,180.86,travel,online,mobile,0,0,0.606,13,303,1,420.32,3808,1,D33785156,0
T0000671,100845,2024-01-22 16:42:17,312.34,electronics,pos,in_person,1,0,0.353,49,781,5,1.0,2952,0,D20377607,0
T0000862,100896,2024-12-30 00:51:19,652.14,gas,online,in_person,0,0,0.516,57,528,2,142.01,532,0,D38944773,1
T0000034,100846,2025-08-23 07:41:36,830.36,gas,pos,in_person,1,0,0.341,47,1749,2,135.39,4151,1,D15643737,0
T0000819,100660,2025-05-19 03:11:57,83.68,gas,pos,in_person,1,0,0.335,26,632,1,131.21,9818,0,D28508912,0
T0000437,100889,2025-06-21 11:11:24,103.19,entertainment,online,in_person,0,0,0.662,39,3132,3,252.91,199,1,D43027760,1
T0000082,100715,2024-07-30 05:12:51,151.96,grocery,pos,mobile,1,0,0.339,38,131,3,178.65,3646,0,D53139538,0
T0000356,100213,2024-04-05 01:04:28,293.6,online_services,pos,web,1,0,0.738,57,71,3,1.0,1737,1,D99613584,0
T0000733,100011,2024-04-07 18:19:05,421.58,grocery,pos,mobile,0,0,0.245,0,657,4,1.0,13269,1,D39680364,0
T0000509,100461,2025-06-08 00:20:14,226.7,online_services,atm,in_person,1,0,0.429,52,1059,0,1.0,1958,0,D18733669,0
T0000803,100247,2025-05-28 17:32:42,302.11,online_services,pos,in_person,1,0,0.722,21,722,1,374.78,6660,1,D42829445,0
T0000555,100268,2025-12-25 00:08:05,7.1,gas,online,web,0,0,0.899,28,253,0,81.61,2434,1,D48621161,0
T0000052,100007,2024-03-17 04:12:44,264.15,online_services,transfer,web,0,0,0.393,39,2412,2,70.31,3853,1,D60270778,0
T0000867,100869,2025-07-29 00:52:38,193.51,entertainment,atm,mobile,0,1,0.681,29,1357,2,148.85,6001,0,D44778004,0
T0000087,100116,2024-07-18 00:42:09,790.37,restaurants,pos,in_person,0,0,0.847,23,3318,1,1.0,17087,0,D90734125,0
T0000409,100534,2025-09-26 17:55:32,48.56,healthcare,pos,in_person,1,1,0.838,38,945,2,107.01,7897,0,D48196582,0
T0000619,100430,2025-07-25 12:37:58,57.04,gas,online,in_person,1,0,0.743,8,1800,1,55.31,7080,1,D39513601,0
T0000470,100743,2024-03-15 02:23:08,66.47,online_services,online,in_person,0,0,0.238,41,117,3,72.21,1258,1,D60167704,0
T0000888,100031,2024-05-07 21:06:14,175.19,online_services,online,in_person,0,0,0.93,24,48,2,343.54,10933,0,D58697297,0
T0000198,100486,2025-07-11 04:44:55,157.5,restaurants,transfer,in_person,1,1,0.371,35,207,3,137.71,5894,0,D40248731,0
T0000964,100300,2024-03-03 21:18:53,267.67,online_services,pos,in_person,0,0,0.625,6,144,0,107.16,1687,1,D64789911,0
T0000887,100692,2025-08-15 22:12:28,125.43,grocery,atm,mobile,0,1,0.369,24,2593,0,143.35,4504,1,D54765775,0
T0000458,100182,2025-01-21 11:12:26,137.02,grocery,pos,mobile,0,1,0.894,39,3179,3,303.71,2813,0,D99767935,1
T0000201,100419,2025-10-29 20:27:26,152.69,utilities,online,in_person,1,0,0.339,61,663,1,144.37,1551,0,D98928150,0
T0000738,100036,2025-07-10 07:53:41,185.55,electronics,transfer,in_person,0,0,0.369,0,1279,3,28.19,512,1,D56034397,0
T0000473,100325,2025-05-01 07:50:30,104.82,grocery,atm,in_person,0,1,0.311,62,315,2,8.31,2488,1,D28859811,0
T0000636,100431,2024-02-18 10:01:02,88.53,online_services,pos,ivr,1,1,0.855,58,3650,0,9.97,5545,0,D65463358,0
T0000425,100529,2025-05-15 02:56:33,65.33,restaurants,online,in_person,1,0,0.72,1,460,2,150.41,5100,1,D51015529,0
T0000919,100048,2025-09-07 22:59:09,141.02,utilities,transfer,mobile,1,0,0.787,10,332,1,1.0,8357,1,D79443563,0
T0000282,100047,2025-11-11 19:25:17,516.08,online_services,atm,web,1,0,0.34,67,139,4,332.58,2241,1,D94968844,0
T0000275,100147,2024-05-04 04:58:33,234.86,restaurants,transfer,mobile,1,0,0.264,6,1732,1,1.0,4788,1,D94191368,0
T0000604,100730,2025-02-04 09:34:46,22.05,restaurants,atm,in_person,1,0,0.774,35,566,0,115.81,5521,1,D69158555,0
T0000165,100958,2025-02-07 08:45:28,313.42,entertainment,pos,in_person,1,0,0.497,45,963,1,1.0,4903,1,D87607491,0
T0000152,100642,2024-11-22 22:25:25,128.4,travel,pos,mobile,1,0,0.627,82,589,0,230.37,1424,1,D81682125,0
T0000157,100488,2025-08-02 13:35:41,167.92,grocery,atm,web,1,0,0.34,100,989,2,122.55,7786,0,D65681578,0
T0000485,100871,2025-01-20 23:01:59,80.12,grocery,pos,web,1,0,0.889,44,313,1,110.43,4257,1,D51805365,0
T0000281,100698,2024-06-17 03:34:46,36.09,electronics,transfer,web,1,0,0.73,37,2431,4,89.53,10311,0,D13675484,0
T0000342,100175,2024-04-13 03:39:03,147.86,online_services,online,mobile,1,0,0.62,44,578,0,83.02,177,1,D58161962,0
T0000725,100127,2025-01-04 03:57:57,125.52,grocery,pos,in_person,1,1,0.477,58,1937,1,16.35,508,1,D24638586,0
T0000794,100032,2024-05-02 05:12:57,122.51,gas,pos,in_person,0,0,0.203,57,457,0,101.3,3292,0,D99323680,0
T0000088,100780,2024-08-20 18:01:54,59.8,travel,pos,in_person,1,0,0.237,63,160,2,80.63,6525,1,D31160372,0
T0000172,100541,2024-01-03 20:23:41,254.7,entertainment,transfer,mobile,1,0,0.449,22,603,2,236.85,29046,1,D71359012,0
T0000998,100511,2024-04-13 14:24:08,135.04,restaurants,transfer,web,1,0,0.244,12,3650,2,333.91,3870,0,D72449948,0
T0000365,100007,2024-08-11 20:06:08,191.31,entertainment,pos,web,0,1,0.256,81,1529,3,185.16,1993,0,D61953494,0
T0000839,100408,2025-05-28 07:35:37,383.48,gas,transfer,in_person,1,0,0.72,46,1437,3,301.65,703,1,D99190676,0
T0000687,100944,2024-04-15 04:12:16,395.74,restaurants,atm,web,1,0,0.474,36,533,3,67.67,547,1,D22319009,0
T0000517,100852,2025-12-11 20:34:27,34.43,restaurants,online,in_person,1,0,0.207,16,478,0,104.44,3961,1,D66871919,0
T0000586,100984,2025-10-29 04:18:02,376.9,healthcare,online,mobile,0,0,0.258,11,129,2,155.02,3183,0,D17279486,0
T0000924,100147,2025-09-01 19:04:56,55.93,restaurants,online,mobile,0,0,0.31,2,648,1,180.16,6241,1,D72152028,0
T0000705,100406,2025-06-07 00:47:28,848.28,gas,pos,in_person,1,0,0.518,51,754,3,278.83,3670,0,D69252060,0
T0000777,100344,2025-02-22 05:17:26,552.45,entertainment,pos,in_person,1,0,0.779,13,1200,2,258.85,1986,1,D59091267,0
T0000782,100525,2024-08-20 14:27:39,183.13,travel,pos,in_person,1,0,0.527,34,273,2,4.54,5984,1,D90267389,0
T0000006,100108,2025-08-30 01:35:47,355.83,online_services,pos,web,1,0,0.592,41,1302,4,1.0,4805,1,D83960866,0
T0000904,100713,2025-12-21 05:59:54,139.37,travel,pos,in_person,1,0,0.645,43,138,4,202.95,6742,1,D25619700,0
T0000722,100602,2025-01-07 10:14:57,23.8,electronics,atm,in_person,1,0,0.239,43,2093,4,20.42,2039,1,D32731180,0
T0000800,100422,2025-10-22 06:56:29,63.25,restaurants,transfer,web,1,0,0.664,15,528,1,299.57,3860,0,D89390573,0
T0000444,100082,2024-05-29 15:50:41,96.96,grocery,atm,web,1,0,0.326,9,841,3,1.0,771,1,D78687814,0
T0000413,100911,2025-09-08 04:07:17,143.78,online_services,online,in_person,1,0,0.27,29,376,0,72.62,4492,0,D15014120,0
T0000488,100729,2024-04-16 21:49:35,224.99,gas,online,mobile,1,0,0.721,37,2096,2,72.65,6447,0,D46568258,0
T0000912,100225,2024-10-09 02:52:30,122.42,electronics,pos,mobile,0,0,0.485,15,8,2,48.26,4283,0,D62546401,0
T0000576,100166,2025-04-23 09:42:13,120.02,electronics,transfer,in_person,1,0,0.349,44,1147,1,293.44,5318,1,D54689513,0
T0000719,100321,2024-01-14 14:54:57,393.56,restaurants,online,web,1,0,0.875,36,100,2,272.17,5874,0,D23720320,0
T0000109,100990,2025-04-26 21:24:54,128.12,entertainment,atm,web,1,0,0.32,36,745,2,221.92,3854,0,D81770850,0
T0000273,100433,2025-07-01 05:33:46,208.3,grocery,transfer,in_person,0,0,0.282,46,2687,1,143.41,1350,1,D97622278,0
T0000657,100702,2024-09-04 00:46:35,44.81,online_services,atm,in_person,1,0,0.712,47,1485,2,212.69,1337,1,D31828241,0
T0000199,100200,2024-10-18 00:53:48,42.03,gas,pos,web,0,0,0.736,41,136,2,227.63,14037,1,D25815181,0
T0000562,100265,2025-12-22 02:09:26,86.29,grocery,pos,in_person,1,0,0.205,22,1253,2,1.0,8310,1,D17733583,0
T0000811,100476,2024-10-22 11:19:32,76.93,online_services,pos,web,1,0,0.943,42,222,1,272.59,96,0,D60270090,0
T0000930,100848,2024-11-28 20:24:22,38.05,gas,transfer,in_person,1,0,0.926,61,84,0,1.0,5530,1,D29304809,0
T0000214,100675,2024-12-12 09:41:59,176.26,restaurants,online,in_person,1,0,0.695,43,252,2,208.61,2684,1,D59341080,0
T0000895,100790,2025-09-16 06:24:23,82.53,utilities,atm,web,1,0,0.231,32,2838,3,9.67,285,0,D22906187,0
T0000468,100855,2025-03-27 04:11:07,245.61,online_services,pos,in_person,1,1,0.406,35,112,5,137.82,12091,1,D82574293,0
T0000041,100013,2025-06-20 05:03:17,109.55,online_services,pos,in_person,0,0,0.385,36,2439,4,230.38,825,1,D52863087,0
T0000500,100412,2024-10-29 19:20:01,253.11,travel,transfer,web,1,0,0.478,54,55,2,176.4,2290,1,D87692906,0
T0000086,100481,2024-10-23 05:34:03,130.58,grocery,transfer,in_person,1,0,0.77,41,398,4,1.0,259,1,D23915874,0
T0000084,100071,2024-10-06 14:34:50,63.03,electronics,online,web,0,0,0.928,14,1175,2,73.25,7500,0,D87985185,0
T0000527,100550,2024-12-06 11:19:05,71.99,grocery,pos,mobile,1,0,0.708,60,175,3,91.99,1978,1,D12089593,0
T0000854,100353,2024-01-01 02:42:18,625.42,utilities,atm,in_person,1,0,0.359,44,1097,0,67.05,2994,1,D67806060,0
T0000293,100070,2025-09-07 18:55:05,415.94,restaurants,online,web,1,0,0.233,26,3650,5,217.36,2046,1,D64372914,1
T0000344,100316,2024-01-29 02:04:37,239.13,grocery,online,mobile,1,0,0.949,35,2972,0,154.9,700,1,D20415529,0
T0000685,100147,2024-02-23 17:13:34,121.59,grocery,pos,in_person,1,0,0.634,29,3136,3,152.08,1883,1,D54854853,0
T0000382,100519,2025-06-30 08:42:54,330.55,restaurants,transfer,ivr,1,0,0.558,89,71,2,110.48,7087,1,D58218796,0
T0000263,100487,2025-10-14 08:56:12,158.35,online_services,atm,in_person,1,0,0.426,0,1012,4,116.2,5364,1,D40564917,0
T0000993,100207,2025-08-03 18:56:15,242.16,electronics,pos,in_person,1,0,0.57,36,669,1,203.81,6991,0,D19499345,0
T0000793,100002,2024-01-16 11:11:41,94.06,grocery,transfer,in_person,1,0,0.922,20,1657,0,212.73,6454,0,D74242102,0
T0000583,100898,2024-05-09 01:18:57,147.28,online_services,pos,web,0,0,0.382,50,537,3,246.78,2390,1,D36537332,0
T0000892,100166,2025-09-24 06:30:30,54.78,entertainment,transfer,mobile,1,0,0.88,34,99,0,46.0,1900,0,D19973907,0
T0000388,100250,2025-03-14 01:51:37,286.61,electronics,atm,in_person,0,0,0.411,20,823,1,56.84,5757,1,D51294793,0
T0000792,100096,2025-06-06 05:54:39,509.9,utilities,pos,in_person,1,0,0.302,24,1906,2,9.79,363,0,D75613583,0
T0000147,100243,2024-05-28 10:12:43,190.66,grocery,pos,in_person,0,0,0.589,22,1551,1,5.86,45,1,D96451038,1
T0000053,100528,2024-10-21 19:00:25,85.16,entertainment,pos,in_person,1,0,0.477,25,408,1,1.0,3393,0,D72046205,0
T0000107,100038,2024-04-25 00:00:13,468.84,electronics,pos,mobile,1,1,0.589,5,3650,1,144.81,5231,1,D35801581,0
T0000431,100935,2024-10-26 00:36:47,23.24,utilities,transfer,in_person,1,0,0.752,34,385,2,1.0,15736,1,D97811372,0
T0000820,100896,2024-12-30 15:01:19,102.67,restaurants,atm,in_person,0,0,0.37,6,1512,2,1.0,7379,1,D72617599,0
T0000631,100718,2025-10-28 13:48:34,78.77,entertainment,pos,in_person,1,0,0.449,7,340,0,187.93,130,1,D70769767,0
T0000100,100522,2025-06-30 15:16:39,301.7,healthcare,pos,mobile,1,0,0.595,69,220,0,36.98,1370,1,D35633980,0
T0000574,100705,2025-04-06 16:57:45,57.36,electronics,atm,in_person,1,0,0.26,66,303,4,43.43,133,1,D58289934,0
T0000008,100931,2025-10-15 01:31:29,178.6,gas,atm,in_person,0,0,0.251,80,2487,0,32.84,1771,1,D16648101,0
T0000699,100316,2025-03-28 15:29:56,505.1,online_services,transfer,web,1,1,0.895,0,592,0,147.8,1046,1,D73603847,0
T0000796,100842,2025-02-12 23:48:06,148.55,online_services,online,in_person,1,0,0.359,30,2279,3,1.0,7054,1,D63140489,0
T0000843,100472,2025-10-18 14:39:47,64.46,healthcare,atm,mobile,1,1,0.878,12,1134,2,18.03,5580,1,D65500918,0
T0000233,100241,2024-05-12 06:50:12,265.91,restaurants,atm,web,1,0,0.421,0,731,1,145.93,5262,0,D59170605,0
T0000534,100153,2025-06-01 01:13:14,54.83,grocery,pos,mobile,1,1,0.775,32,294,4,358.64,2385,0,D79929585,0
T0000726,100665,2025-04-24 22:37:34,216.46,online_services,pos,mobile,0,0,0.41,7,3650,3,319.87,400,1,D31709062,1
T0000694,100327,2024-08-31 03:00:32,128.65,electronics,pos,mobile,1,0,0.585,13,1393,0,127.5,3994,1,D18236780,0
T0000411,100114,2024-08-10 09:09:09,226.53,healthcare,atm,mobile,0,0,0.499,30,3445,3,133.24,4330,0,D21127306,0
T0000763,100898,2025-11-22 10:56:30,44.17,grocery,atm,in_person,0,0,0.945,41,1973,2,94.9,8938,1,D77335823,0
T0000119,100484,2024-12-05 17:16:44,35.71,electronics,atm,in_person,0,0,0.4,28,2214,2,206.99,312,0,D22139636,0
T0000497,100174,2024-02-07 13:17:13,98.65,online_services,atm,mobile,1,0,0.319,61,851,0,1.0,555,1,D81633358,0
T0000414,100754,2025-03-01 02:27:47,175.57,grocery,online,mobile,1,0,0.44,11,2115,1,113.13,47,1,D68558612,1
T0000922,100761,2024-05-09 19:39:08,285.49,utilities,online,web,0,0,0.923,26,11,3,1.0,1878,1,D14642909,0
T0000492,100124,2025-01-08 06:51:43,477.66,restaurants,pos,in_person,1,0,0.241,38,1736,2,117.48,9362,0,D82884231,0
T0000170,100566,2024-08-23 21:44:41,17.35,entertainment,online,in_person,1,0,0.355,80,2857,1,137.41,5399,0,D69580512,0
T0000958,100139,2025-02-01 04:52:13,279.46,grocery,pos,in_person,0,0,0.941,47,701,4,27.3,1402,0,D74426001,0
T0000260,100839,2025-07-12 00:02:20,297.81,gas,atm,in_person,1,0,0.204,38,489,1,16.78,131,1,D54756717,0
T0000929,100485,2024-10-27 01:50:32,114.05,travel,atm,in_person,1,0,0.708,4,966,4,175.14,278,0,D44693104,0
T0000182,100085,2025-10-07 12:29:42,138.68,entertainment,online,ivr,0,0,0.68,37,1059,4,1.0,500,1,D43619957,0
T0000617,100670,2024-07-03 17:17:40,165.7,restaurants,pos,mobile,1,0,0.238,60,621,1,1.0,1958,1,D22967581,0
T0000304,100469,2024-12-31 03:47:09,110.12,online_services,pos,mobile,1,0,0.797,14,797,2,1.0,520,1,D46552585,0
T0000085,100047,2024-03-17 04:09:01,145.35,healthcare,online,mobile,1,0,0.886,54,3650,1,114.66,2920,0,D13138438,0
T0000830,100446,2025-06-19 14:52:29,183.2,healthcare,pos,web,0,0,0.598,28,22,3,126.74,926,1,D74324701,0
T0000136,100594,2025-06-29 15:24:03,41.32,healthcare,pos,in_person,1,0,0.905,43,706,1,204.17,4516,1,D52699683,0
T0000959,100736,2025-07-17 15:27:41,399.8,grocery,transfer,in_person,1,0,0.876,25,1528,4,229.95,6104,1,D37023769,0
T0000541,100454,2025-11-20 11:05:50,52.13,restaurants,pos,in_person,1,0,0.446,57,2788,2,143.86,208,1,D47782527,0
T0000377,100661,2025-02-25 13:08:33,47.52,online_services,pos,mobile,1,0,0.537,64,60,2,74.25,8544,1,D28055972,0
T0000949,100603,2025-04-26 10:05:09,235.08,online_services,online,in_person,1,1,0.341,9,1326,1,30.0,41,0,D86187687,1
T0000305,100801,2025-04-19 23:37:50,387.33,utilities,pos,in_person,0,0,0.366,56,66,2,1.0,1723,1,D58913887,0
T0000931,100725,2025-10-06 02:45:10,127.68,restaurants,pos,in_person,1,0,0.257,44,303,2,101.66,15859,0,D69705196,0
T0000074,100858,2025-06-10 00:21:59,160.32,online_services,online,in_person,0,0,0.473,51,506,2,46.03,6509,0,D53519471,0
T0000881,100714,2025-10-03 01:31:45,87.37,grocery,pos,in_person,1,1,0.715,52,1667,1,1.0,15393,1,D25753753,0
T0000317,100716,2025-06-27 14:17:04,271.72,gas,pos,in_person,0,0,0.819,5,234,0,172.09,15610,1,D84661368,0
T0000715,100836,2024-03-05 16:11:57,65.46,healthcare,transfer,web,1,1,0.743,14,1017,3,36.87,1495,0,D76437141,0
T0000033,100359,2024-10-06 12:38:07,51.69,grocery,atm,ivr,1,0,0.537,69,2422,1,1.76,1245,0,D79212983,0
T0000688,100744,2024-10-17 00:55:08,198.66,travel,transfer,ivr,1,0,0.348,59,409,2,77.95,12055,1,D39557075,0
T0000765,100947,2024-07-24 10:51:04,152.48,utilities,pos,in_person,1,0,0.482,49,852,2,1.0,6125,1,D86326663,0
T0000729,100280,2025-08-12 05:38:41,424.54,utilities,transfer,in_person,1,0,0.341,24,857,1,1.0,1206,1,D55066469,0
T0000717,100763,2025-10-21 03:15:21,49.37,restaurants,online,mobile,1,0,0.204,58,261,3,157.93,899,1,D43875929,0
T0000972,100149,2024-05-08 13:52:21,41.66,grocery,online,mobile,1,0,0.519,67,4,1,102.49,1242,0,D79665310,0
T0000241,100303,2024-10-12 05:40:21,39.05,travel,pos,in_person,0,0,0.694,36,3650,1,126.95,2959,1,D66758342,0
T0000805,100923,2025-03-21 03:21:03,282.92,electronics,online,in_person,0,1,0.595,25,845,4,118.5,1879,0,D43944548,0
T0000133,100957,2025-10-15 01:51:33,128.14,entertainment,online,mobile,0,0,0.688,11,3650,2,60.58,1039,1,D19969313,0
T0000886,100144,2024-05-04 13:42:40,38.85,gas,pos,in_person,1,0,0.305,28,547,0,220.14,17311,0,D75239277,0
T0000228,100755,2025-02-24 10:53:20,41.05,entertainment,pos,in_person,1,0,0.336,46,3604,2,66.93,552,1,D45480465,0
T0000707,100761,2024-10-25 21:04:18,85.74,online_services,pos,mobile,0,0,0.845,8,1006,2,244.37,507,0,D30484354,0
T0000844,100706,2025-10-06 16:58:47,296.21,grocery,pos,web,1,0,0.656,54,325,3,40.21,3419,1,D10849725,0
T0000547,100335,2024-01-02 03:30:48,360.16,entertainment,pos,in_person,1,0,0.402,21,2675,4,140.44,2126,0,D44196796,0
T0000368,100089,2024-07-02 23:14:13,463.57,online_services,pos,in_person,1,0,0.785,15,1633,2,249.0,8466,0,D11717917,0
T0000450,100665,2025-02-25 04:09:14,166.98,travel,atm,in_person,1,0,0.753,41,1340,8,183.86,8788,1,D95652497,0
T0000090,100572,2025-06-28 13:27:20,214.0,entertainment,atm,in_person,1,1,0.285,0,1185,1,137.28,15537,1,D77972156,0
T0000460,100153,2024-02-21 13:31:59,1336.91,restaurants,online,web,1,0,0.23,0,797,1,29.13,362,1,D58325906,1
T0000380,100656,2024-04-23 11:31:46,80.78,electronics,online,in_person,1,0,0.369,20,242,3,49.47,4064,1,D97896986,0
T0000435,100125,2024-06-08 01:56:33,358.89,online_services,pos,in_person,1,0,0.766,46,354,2,89.08,5687,1,D99000520,0
T0000896,100037,2025-04-04 04:42:55,43.19,restaurants,pos,mobile,0,0,0.879,62,1323,2,3.11,740,1,D99177623,0
T0000804,100274,2025-11-23 03:20:31,107.56,entertainment,pos,in_person,0,0,0.76,19,2153,2,1.0,7412,1,D99427751,0
T0000999,100491,2024-03-02 11:13:42,315.89,gas,pos,mobile,1,0,0.233,39,137,3,91.99,1938,1,D78730697,0
T0000856,100698,2025-08-03 09:07:04,87.69,electronics,online,mobile,1,0,0.49,28,1272,2,265.21,3726,0,D62465370,0
T0000415,100887,2024-12-18 20:43:04,53.02,restaurants,online,in_person,1,0,0.691,56,634,1,126.5,22035,1,D33116243,0
T0000879,100296,2025-07-05 07:47:48,204.75,entertainment,transfer,ivr,1,1,0.95,12,569,2,114.74,4651,1,D40232944,0
T0000963,100983,2025-06-04 21:16:42,79.46,entertainment,transfer,in_person,1,0,0.735,46,822,2,106.38,286,1,D76735487,0
T0000860,100698,2024-08-29 17:21:39,601.11,utilities,transfer,web,0,0,0.793,67,1859,3,88.09,3880,1,D50779783,1
T0000188,100922,2024-10-17 01:15:24,294.96,travel,pos,ivr,1,0,0.89,20,2,1,213.84,2498,1,D18535445,0
T0000658,100211,2024-12-26 02:53:28,240.38,electronics,transfer,mobile,0,0,0.769,32,597,3,1.0,1611,1,D45997840,0
T0000308,100728,2024-05-29 18:29:34,139.37,electronics,pos,in_person,0,0,0.899,29,1716,3,146.16,1477,1,D61712036,0
T0000017,100608,2025-06-08 04:04:29,85.24,entertainment,atm,web,0,0,0.427,28,987,2,1.0,3615,0,D96502253,0
T0000059,100185,2025-11-10 09:17:35,183.03,utilities,online,web,0,0,0.214,25,2550,4,129.95,11625,1,D87372194,0
T0000278,100912,2025-02-07 21:29:05,105.32,gas,pos,in_person,1,0,0.513,62,1483,1,55.65,3560,0,D20241711,0
T0000818,100721,2025-04-29 20:44:12,72.89,gas,transfer,in_person,0,0,0.918,38,1008,6,164.99,1720,1,D24511486,0
T0000256,100985,2024-08-08 12:44:44,793.18,grocery,online,mobile,0,0,0.509,29,16,3,61.79,87,1,D80660014,1
T0000321,100737,2024-12-22 16:49:53,92.48,gas,online,mobile,1,0,0.932,45,877,1,230.95,2445,1,D39388851,0
T0000837,100336,2025-12-02 19:26:41,324.75,travel,pos,in_person,1,1,0.595,31,3650,1,102.69,293,1,D13061914,0
